2025-08-26 07:03:19,105 - Knowledge - INFO - Redis support added with prefix knowledge:b9731r2:
2025-08-26 07:03:19,852 - Knowledge - INFO - load persisted knowledge: begin
2025-08-26 07:03:19,951 - Knowledge - INFO - load persisted knowledge: end
2025-08-26 07:03:20,045 - Knowledge - INFO - load persisted docinfo: begin
2025-08-26 07:03:20,124 - Knowledge - INFO - load persisted docinfo: end
2025-08-26 07:03:20,474 - Knowledge - INFO - worker kw1 created with dedicated MongoDB connection (total: 1)
2025-08-26 07:03:20,564 - Knowledge - INFO - knowledge worker kw1 start
2025-08-26 07:03:20,567 - Knowledge - INFO - worker kw2 created with dedicated MongoDB connection (total: 2)
2025-08-26 07:03:20,682 - Knowledge - INFO - worker kw1 pull /app/data/b2c/163538/b9731r2/meta-rdk-163538/recipes-test/hello/files/hello.c from ingest queue
2025-08-26 07:03:20,785 - Knowledge - INFO - knowledge worker kw2 start
2025-08-26 07:03:20,789 - Knowledge - INFO - worker kw3 created with dedicated MongoDB connection (total: 3)
2025-08-26 07:03:20,939 - Knowledge - INFO - process ingested knowledge for /app/data/b2c/163538/b9731r2/meta-rdk-163538/recipes-test/hello/files/hello.c
2025-08-26 07:03:20,983 - Knowledge - INFO - worker kw2 pull /app/data/b2c/163538/b9731r2/meta-rdk-163538/recipes-test/hello/files/run-hello-app.sh from ingest queue
2025-08-26 07:03:21,107 - Knowledge - INFO - knowledge worker kw3 start
2025-08-26 07:03:21,109 - Knowledge - INFO - worker kw4 created with dedicated MongoDB connection (total: 4)
2025-08-26 07:03:21,217 - Knowledge - INFO - Found code-base-name: https://github.com/kavia-common/meta-rdk-163538.git:kavia-master
2025-08-26 07:03:21,372 - Knowledge - INFO - process ingested knowledge for /app/data/b2c/163538/b9731r2/meta-rdk-163538/recipes-test/hello/files/run-hello-app.sh
2025-08-26 07:03:21,468 - Knowledge - INFO - worker kw3 pull /app/data/b2c/163538/b9731r2/meta-rdk-163538/recipes-test/leakcheck-msg/files/utility.c from ingest queue
2025-08-26 07:03:21,555 - Knowledge - INFO - knowledge worker kw4 start
2025-08-26 07:03:21,558 - Knowledge - INFO - worker kw5 created with dedicated MongoDB connection (total: 5)
2025-08-26 07:03:21,678 - Knowledge - INFO - Found code_base: <app.utils.kg_build.knowledge.KnowledgeCodeBase object at 0x7f53b60981d0>
2025-08-26 07:03:22,125 - Knowledge - INFO - persist ingested knowledge for /app/data/b2c/163538/b9731r2/meta-rdk-163538/recipes-test/hello/files/hello.c
2025-08-26 07:03:21,886 - Knowledge - INFO - process ingested knowledge for /app/data/b2c/163538/b9731r2/meta-rdk-163538/recipes-test/leakcheck-msg/files/utility.c
2025-08-26 07:03:21,942 - Knowledge - INFO - worker kw4 pull /app/data/b2c/163538/b9731r2/meta-rdk-163538/recipes-test/leakcheck-msg/files/msgq_receive.c from ingest queue
2025-08-26 07:03:22,030 - Knowledge - INFO - knowledge worker kw5 start
2025-08-26 07:03:22,034 - Knowledge - INFO - worker kw6 created with dedicated MongoDB connection (total: 6)
2025-08-26 07:03:21,762 - Knowledge - INFO - Found code-base-name: https://github.com/kavia-common/meta-rdk-163538.git:kavia-master
2025-08-26 07:03:22,302 - Knowledge - INFO - adding /app/data/b2c/163538/b9731r2/meta-rdk-163538/recipes-test/hello/files/hello.c to ingest queue
2025-08-26 07:03:22,480 - Knowledge - INFO - process ingested knowledge for /app/data/b2c/163538/b9731r2/meta-rdk-163538/recipes-test/leakcheck-msg/files/msgq_receive.c
2025-08-26 07:03:22,637 - Knowledge - INFO - knowledge worker kw6 start
2025-08-26 07:03:22,639 - Knowledge - INFO - worker kw7 created with dedicated MongoDB connection (total: 7)
2025-08-26 07:03:22,753 - Knowledge - INFO - Found code_base: <app.utils.kg_build.knowledge.KnowledgeCodeBase object at 0x7f53b60981d0>
2025-08-26 07:03:22,854 - Knowledge - INFO - Found code-base-name: https://github.com/kavia-common/meta-rdk-163538.git:kavia-master
2025-08-26 07:03:22,854 - Knowledge - INFO - worker kw5 pull /app/data/b2c/163538/b9731r2/meta-rdk-163538/conf/include/basehash_ignore_vars.inc from ingest queue
2025-08-26 07:03:22,855 - Knowledge - INFO - worker kw1 pull /app/data/b2c/163538/b9731r2/meta-rdk-163538/conf/include/hashbase_whitelist.inc from ingest queue
2025-08-26 07:03:22,945 - Knowledge - INFO - Found code-base-name: https://github.com/kavia-common/meta-rdk-163538.git:kavia-master
2025-08-26 07:03:23,062 - Knowledge - INFO - worker kw6 pull /app/data/b2c/163538/b9731r2/meta-rdk-163538/conf/conf-notes.txt from ingest queue
2025-08-26 07:03:23,146 - Knowledge - INFO - knowledge worker kw7 start
2025-08-26 07:03:23,149 - Knowledge - INFO - worker kw8 created with dedicated MongoDB connection (total: 8)
2025-08-26 07:03:23,255 - Knowledge - INFO - persist ingested knowledge for /app/data/b2c/163538/b9731r2/meta-rdk-163538/recipes-test/hello/files/run-hello-app.sh
2025-08-26 07:03:23,357 - Knowledge - INFO - Found code_base: <app.utils.kg_build.knowledge.KnowledgeCodeBase object at 0x7f53b60981d0>
2025-08-26 07:03:23,480 - Knowledge - INFO - process ingested knowledge for /app/data/b2c/163538/b9731r2/meta-rdk-163538/conf/include/basehash_ignore_vars.inc
2025-08-26 07:03:23,595 - Knowledge - INFO - process ingested knowledge for /app/data/b2c/163538/b9731r2/meta-rdk-163538/conf/include/hashbase_whitelist.inc
2025-08-26 07:03:23,643 - Knowledge - INFO - Found code_base: <app.utils.kg_build.knowledge.KnowledgeCodeBase object at 0x7f53b60981d0>
2025-08-26 07:03:23,767 - Knowledge - INFO - process ingested knowledge for /app/data/b2c/163538/b9731r2/meta-rdk-163538/conf/conf-notes.txt
2025-08-26 07:03:23,810 - Knowledge - INFO - worker kw7 pull /app/data/b2c/163538/b9731r2/meta-rdk-163538/conf/distro/include/rdk-esdk-conf.inc from ingest queue
2025-08-26 07:03:23,912 - Knowledge - INFO - knowledge worker kw8 start
2025-08-26 07:03:23,914 - Knowledge - INFO - worker kw9 created with dedicated MongoDB connection (total: 9)
2025-08-26 07:03:24,087 - Knowledge - INFO - adding /app/data/b2c/163538/b9731r2/meta-rdk-163538/recipes-test/hello/files/run-hello-app.sh to ingest queue
2025-08-26 07:03:24,128 - Knowledge - INFO - persist ingested knowledge for /app/data/b2c/163538/b9731r2/meta-rdk-163538/recipes-test/leakcheck-msg/files/utility.c
2025-08-26 07:03:24,464 - Knowledge - INFO - persist ingested knowledge for /app/data/b2c/163538/b9731r2/meta-rdk-163538/recipes-test/leakcheck-msg/files/msgq_receive.c
2025-08-26 07:03:24,685 - Knowledge - INFO - process ingested knowledge for /app/data/b2c/163538/b9731r2/meta-rdk-163538/conf/distro/include/rdk-esdk-conf.inc
2025-08-26 07:03:24,871 - Knowledge - INFO - knowledge worker kw9 start
2025-08-26 07:03:24,874 - Knowledge - INFO - worker kw10 created with dedicated MongoDB connection (total: 10)
2025-08-26 07:03:24,973 - Knowledge - INFO - Found code-base-name: https://github.com/kavia-common/meta-rdk-163538.git:kavia-master
2025-08-26 07:03:24,973 - Knowledge - INFO - Found code-base-name: https://github.com/kavia-common/meta-rdk-163538.git:kavia-master
2025-08-26 07:03:25,646 - Knowledge - INFO - Found code_base: <app.utils.kg_build.knowledge.KnowledgeCodeBase object at 0x7f53b60981d0>
2025-08-26 07:03:24,974 - Knowledge - INFO - worker kw8 pull /app/data/b2c/163538/b9731r2/meta-rdk-163538/conf/distro/include/libsoup2.inc from ingest queue
2025-08-26 07:03:24,975 - Knowledge - INFO - worker kw2 pull /app/data/b2c/163538/b9731r2/meta-rdk-163538/conf/distro/include/qt5-versions.inc from ingest queue
2025-08-26 07:03:25,130 - Knowledge - INFO - adding /app/data/b2c/163538/b9731r2/meta-rdk-163538/recipes-test/leakcheck-msg/files/utility.c to ingest queue
2025-08-26 07:03:25,435 - Knowledge - INFO - knowledge worker kw10 start
2025-08-26 07:03:25,436 - Knowledge - INFO - worker kw11 created with dedicated MongoDB connection (total: 11)
2025-08-26 07:03:25,529 - Knowledge - INFO - Found code_base: <app.utils.kg_build.knowledge.KnowledgeCodeBase object at 0x7f53b60981d0>
2025-08-26 07:03:24,974 - Knowledge - INFO - Found code-base-name: https://github.com/kavia-common/meta-rdk-163538.git:kavia-master
2025-08-26 07:03:25,737 - Knowledge - INFO - persist ingested knowledge for /app/data/b2c/163538/b9731r2/meta-rdk-163538/conf/include/hashbase_whitelist.inc
2025-08-26 07:03:25,852 - Knowledge - INFO - process ingested knowledge for /app/data/b2c/163538/b9731r2/meta-rdk-163538/conf/distro/include/libsoup2.inc
2025-08-26 07:03:25,947 - Knowledge - INFO - process ingested knowledge for /app/data/b2c/163538/b9731r2/meta-rdk-163538/conf/distro/include/qt5-versions.inc
2025-08-26 07:03:26,051 - Knowledge - INFO - Found code-base-name: https://github.com/kavia-common/meta-rdk-163538.git:kavia-master
2025-08-26 07:03:26,051 - Knowledge - INFO - worker kw9 pull /app/data/b2c/163538/b9731r2/meta-rdk-163538/conf/distro/include/gstreamer-versions.inc from ingest queue
2025-08-26 07:03:26,051 - Knowledge - INFO - worker kw3 pull /app/data/b2c/163538/b9731r2/meta-rdk-163538/conf/distro/include/rdkc.inc from ingest queue
2025-08-26 07:03:26,051 - Knowledge - INFO - adding /app/data/b2c/163538/b9731r2/meta-rdk-163538/recipes-test/leakcheck-msg/files/msgq_receive.c to ingest queue
2025-08-26 07:03:27,131 - Knowledge - INFO - worker kw4 pull /app/data/b2c/163538/b9731r2/meta-rdk-163538/conf/distro/include/rdk_security_flags.inc from ingest queue
2025-08-26 07:03:26,188 - Knowledge - INFO - worker kw12 created with dedicated MongoDB connection (total: 12)
2025-08-26 07:03:26,298 - Knowledge - INFO - persist ingested knowledge for /app/data/b2c/163538/b9731r2/meta-rdk-163538/conf/include/basehash_ignore_vars.inc
2025-08-26 07:03:26,373 - Knowledge - INFO - Found code_base: <app.utils.kg_build.knowledge.KnowledgeCodeBase object at 0x7f53b60981d0>
2025-08-26 07:03:26,821 - Knowledge - INFO - Found code_base: <app.utils.kg_build.knowledge.KnowledgeCodeBase object at 0x7f53b60981d0>
2025-08-26 07:03:27,682 - Knowledge - INFO - persist ingested knowledge for /app/data/b2c/163538/b9731r2/meta-rdk-163538/conf/distro/include/rdk-esdk-conf.inc
2025-08-26 07:03:27,056 - Knowledge - INFO - process ingested knowledge for /app/data/b2c/163538/b9731r2/meta-rdk-163538/conf/distro/include/rdkc.inc
2025-08-26 07:03:27,131 - Knowledge - INFO - Found code-base-name: https://github.com/kavia-common/meta-rdk-163538.git:kavia-master
2025-08-26 07:03:26,186 - Knowledge - INFO - knowledge worker kw11 start
2025-08-26 07:03:27,133 - Knowledge - INFO - Found code-base-name: https://github.com/kavia-common/meta-rdk-163538.git:kavia-master
2025-08-26 07:03:28,137 - Knowledge - INFO - Found code_base: <app.utils.kg_build.knowledge.KnowledgeCodeBase object at 0x7f53b60981d0>
2025-08-26 07:03:27,280 - Knowledge - INFO - process ingested knowledge for /app/data/b2c/163538/b9731r2/meta-rdk-163538/conf/distro/include/rdk_security_flags.inc
2025-08-26 07:03:27,347 - Knowledge - INFO - knowledge worker kw12 start
2025-08-26 07:03:27,350 - Knowledge - INFO - worker kw13 created with dedicated MongoDB connection (total: 13)
2025-08-26 07:03:27,562 - Knowledge - INFO - persist ingested knowledge for /app/data/b2c/163538/b9731r2/meta-rdk-163538/conf/conf-notes.txt
2025-08-26 07:03:26,962 - Knowledge - INFO - process ingested knowledge for /app/data/b2c/163538/b9731r2/meta-rdk-163538/conf/distro/include/gstreamer-versions.inc
2025-08-26 07:03:27,955 - Knowledge - INFO - Found code_base: <app.utils.kg_build.knowledge.KnowledgeCodeBase object at 0x7f53b60981d0>
2025-08-26 07:03:27,193 - Knowledge - INFO - adding /app/data/b2c/163538/b9731r2/meta-rdk-163538/conf/include/hashbase_whitelist.inc to ingest queue
2025-08-26 07:03:28,213 - Knowledge - INFO - persist ingested knowledge for /app/data/b2c/163538/b9731r2/meta-rdk-163538/conf/distro/include/qt5-versions.inc
2025-08-26 07:03:28,505 - Knowledge - INFO - knowledge worker kw13 start
2025-08-26 07:03:28,508 - Knowledge - INFO - worker kw14 created with dedicated MongoDB connection (total: 14)
2025-08-26 07:03:28,785 - Knowledge - INFO - persist ingested knowledge for /app/data/b2c/163538/b9731r2/meta-rdk-163538/conf/distro/include/libsoup2.inc
2025-08-26 07:03:28,873 - Knowledge - INFO - worker kw1 pull /app/data/b2c/163538/b9731r2/meta-rdk-163538/conf/distro/include/rdk_multilib.inc from ingest queue
2025-08-26 07:03:28,928 - Knowledge - INFO - Found code-base-name: https://github.com/kavia-common/meta-rdk-163538.git:kavia-master
2025-08-26 07:03:28,929 - Knowledge - INFO - worker kw11 pull /app/data/b2c/163538/b9731r2/meta-rdk-163538/conf/distro/include/rdkvemu.inc from ingest queue
2025-08-26 07:03:28,929 - Knowledge - INFO - Found code-base-name: https://github.com/kavia-common/meta-rdk-163538.git:kavia-master
2025-08-26 07:03:28,929 - Knowledge - INFO - worker kw12 pull /app/data/b2c/163538/b9731r2/meta-rdk-163538/conf/distro/include/rdk-external-src.inc from ingest queue
2025-08-26 07:03:28,982 - Knowledge - INFO - Found code-base-name: https://github.com/kavia-common/meta-rdk-163538.git:kavia-master
2025-08-26 07:03:29,049 - Knowledge - INFO - worker kw10 pull /app/data/b2c/163538/b9731r2/meta-rdk-163538/conf/distro/include/rdkx.inc from ingest queue
2025-08-26 07:03:29,049 - Knowledge - INFO - adding /app/data/b2c/163538/b9731r2/meta-rdk-163538/conf/include/basehash_ignore_vars.inc to ingest queue
2025-08-26 07:03:29,148 - Knowledge - INFO - knowledge worker kw14 start
2025-08-26 07:03:29,151 - Knowledge - INFO - worker kw15 created with dedicated MongoDB connection (total: 15)
2025-08-26 07:03:30,206 - Knowledge - INFO - knowledge worker kw15 start
2025-08-26 07:03:29,445 - Knowledge - INFO - Found code_base: <app.utils.kg_build.knowledge.KnowledgeCodeBase object at 0x7f53b60981d0>
2025-08-26 07:03:29,575 - Knowledge - INFO - process ingested knowledge for /app/data/b2c/163538/b9731r2/meta-rdk-163538/conf/distro/include/rdkvemu.inc
2025-08-26 07:03:29,634 - Knowledge - INFO - Found code_base: <app.utils.kg_build.knowledge.KnowledgeCodeBase object at 0x7f53b60981d0>
2025-08-26 07:03:29,753 - Knowledge - INFO - process ingested knowledge for /app/data/b2c/163538/b9731r2/meta-rdk-163538/conf/distro/include/rdk-external-src.inc
2025-08-26 07:03:29,818 - Knowledge - INFO - Found code_base: <app.utils.kg_build.knowledge.KnowledgeCodeBase object at 0x7f53b60981d0>
2025-08-26 07:03:29,963 - Knowledge - INFO - process ingested knowledge for /app/data/b2c/163538/b9731r2/meta-rdk-163538/conf/distro/include/rdkx.inc
2025-08-26 07:03:30,067 - Knowledge - INFO - adding /app/data/b2c/163538/b9731r2/meta-rdk-163538/conf/distro/include/qt5-versions.inc to ingest queue
2025-08-26 07:03:29,386 - Knowledge - INFO - process ingested knowledge for /app/data/b2c/163538/b9731r2/meta-rdk-163538/conf/distro/include/rdk_multilib.inc
2025-08-26 07:03:30,210 - Knowledge - INFO - worker kw16 created with dedicated MongoDB connection (total: 16)
2025-08-26 07:03:31,296 - Knowledge - INFO - knowledge worker kw16 start
2025-08-26 07:03:30,626 - Knowledge - INFO - persist ingested knowledge for /app/data/b2c/163538/b9731r2/meta-rdk-163538/conf/distro/include/rdk_security_flags.inc
2025-08-26 07:03:30,866 - Knowledge - INFO - persist ingested knowledge for /app/data/b2c/163538/b9731r2/meta-rdk-163538/conf/distro/include/gstreamer-versions.inc
2025-08-26 07:03:31,080 - Knowledge - INFO - adding /app/data/b2c/163538/b9731r2/meta-rdk-163538/conf/distro/include/rdk-esdk-conf.inc to ingest queue
2025-08-26 07:03:30,413 - Knowledge - INFO - persist ingested knowledge for /app/data/b2c/163538/b9731r2/meta-rdk-163538/conf/distro/include/rdkc.inc
2025-08-26 07:03:31,299 - Knowledge - INFO - worker kw17 created with dedicated MongoDB connection (total: 17)
2025-08-26 07:03:31,680 - Knowledge - INFO - worker kw13 pull /app/data/b2c/163538/b9731r2/meta-rdk-163538/conf/distro/include/rdk_backtrace_log.inc from ingest queue
2025-08-26 07:03:31,749 - Knowledge - INFO - worker kw5 pull /app/data/b2c/163538/b9731r2/meta-rdk-163538/conf/distro/include/libsoup3.inc from ingest queue
2025-08-26 07:03:31,749 - Knowledge - INFO - adding /app/data/b2c/163538/b9731r2/meta-rdk-163538/conf/conf-notes.txt to ingest queue
2025-08-26 07:03:31,861 - Knowledge - INFO - knowledge worker kw17 start
2025-08-26 07:03:31,862 - Knowledge - INFO - worker kw18 created with dedicated MongoDB connection (total: 18)
2025-08-26 07:03:31,970 - Knowledge - INFO - process ingested knowledge for /app/data/b2c/163538/b9731r2/meta-rdk-163538/conf/distro/include/rdk_backtrace_log.inc
2025-08-26 07:03:32,083 - Knowledge - INFO - process ingested knowledge for /app/data/b2c/163538/b9731r2/meta-rdk-163538/conf/distro/include/libsoup3.inc
2025-08-26 07:03:32,142 - Knowledge - INFO - worker kw15 pull /app/data/b2c/163538/b9731r2/meta-rdk-163538/conf/distro/include/license_flags_whitelist.inc from ingest queue
2025-08-26 07:03:32,142 - Knowledge - INFO - Found code-base-name: https://github.com/kavia-common/meta-rdk-163538.git:kavia-master
2025-08-26 07:03:32,144 - Knowledge - INFO - Found code-base-name: https://github.com/kavia-common/meta-rdk-163538.git:kavia-master
2025-08-26 07:03:32,144 - Knowledge - INFO - Found code-base-name: https://github.com/kavia-common/meta-rdk-163538.git:kavia-master
2025-08-26 07:03:32,144 - Knowledge - INFO - worker kw2 pull /app/data/b2c/163538/b9731r2/meta-rdk-163538/conf/distro/include/setscene_enforce_ignore_tasks.inc from ingest queue
2025-08-26 07:03:32,144 - Knowledge - INFO - Found code-base-name: https://github.com/kavia-common/meta-rdk-163538.git:kavia-master
2025-08-26 07:03:32,248 - Knowledge - INFO - worker kw7 pull /app/data/b2c/163538/b9731r2/meta-rdk-163538/conf/distro/include/rdkb_backtrace_log.inc from ingest queue
2025-08-26 07:03:32,248 - Knowledge - INFO - adding /app/data/b2c/163538/b9731r2/meta-rdk-163538/conf/distro/include/libsoup2.inc to ingest queue
2025-08-26 07:03:32,334 - Knowledge - INFO - knowledge worker kw18 start
2025-08-26 07:03:32,337 - Knowledge - INFO - worker kw19 created with dedicated MongoDB connection (total: 19)
2025-08-26 07:03:33,548 - Knowledge - INFO - knowledge worker kw19 start
2025-08-26 07:03:32,693 - Knowledge - INFO - Found code_base: <app.utils.kg_build.knowledge.KnowledgeCodeBase object at 0x7f53b60981d0>
2025-08-26 07:03:32,791 - Knowledge - INFO - Found code_base: <app.utils.kg_build.knowledge.KnowledgeCodeBase object at 0x7f53b60981d0>
2025-08-26 07:03:32,890 - Knowledge - INFO - Found code_base: <app.utils.kg_build.knowledge.KnowledgeCodeBase object at 0x7f53b60981d0>
2025-08-26 07:03:33,063 - Knowledge - INFO - process ingested knowledge for /app/data/b2c/163538/b9731r2/meta-rdk-163538/conf/distro/include/setscene_enforce_ignore_tasks.inc
2025-08-26 07:03:33,126 - Knowledge - INFO - Found code_base: <app.utils.kg_build.knowledge.KnowledgeCodeBase object at 0x7f53b60981d0>
2025-08-26 07:03:33,288 - Knowledge - INFO - process ingested knowledge for /app/data/b2c/163538/b9731r2/meta-rdk-163538/conf/distro/include/rdkb_backtrace_log.inc
2025-08-26 07:03:33,433 - Knowledge - INFO - worker kw6 pull /app/data/b2c/163538/b9731r2/meta-rdk-163538/conf/distro/include/rdkb.inc from ingest queue
2025-08-26 07:03:33,433 - Knowledge - INFO - worker kw16 pull /app/data/b2c/163538/b9731r2/meta-rdk-163538/conf/distro/include/rdk_lto.inc from ingest queue
2025-08-26 07:03:33,434 - Knowledge - INFO - worker kw17 pull /app/data/b2c/163538/b9731r2/meta-rdk-163538/conf/distro/include/rdkv.inc from ingest queue
2025-08-26 07:03:33,434 - Knowledge - INFO - adding /app/data/b2c/163538/b9731r2/meta-rdk-163538/conf/distro/include/gstreamer-versions.inc to ingest queue
2025-08-26 07:03:32,652 - Knowledge - INFO - process ingested knowledge for /app/data/b2c/163538/b9731r2/meta-rdk-163538/conf/distro/include/license_flags_whitelist.inc
2025-08-26 07:03:33,551 - Knowledge - INFO - worker kw20 created with dedicated MongoDB connection (total: 20)
2025-08-26 07:03:33,731 - Knowledge - INFO - persist ingested knowledge for /app/data/b2c/163538/b9731r2/meta-rdk-163538/conf/distro/include/rdkvemu.inc
2025-08-26 07:03:33,831 - Knowledge - INFO - persist ingested knowledge for /app/data/b2c/163538/b9731r2/meta-rdk-163538/conf/distro/include/rdk-external-src.inc
2025-08-26 07:03:33,942 - Knowledge - INFO - persist ingested knowledge for /app/data/b2c/163538/b9731r2/meta-rdk-163538/conf/distro/include/rdkx.inc
2025-08-26 07:03:34,185 - Knowledge - INFO - persist ingested knowledge for /app/data/b2c/163538/b9731r2/meta-rdk-163538/conf/distro/include/rdk_multilib.inc
2025-08-26 07:03:34,382 - Knowledge - INFO - process ingested knowledge for /app/data/b2c/163538/b9731r2/meta-rdk-163538/conf/distro/include/rdkb.inc
2025-08-26 07:03:34,476 - Knowledge - INFO - process ingested knowledge for /app/data/b2c/163538/b9731r2/meta-rdk-163538/conf/distro/include/rdk_lto.inc
2025-08-26 07:03:34,580 - Knowledge - INFO - process ingested knowledge for /app/data/b2c/163538/b9731r2/meta-rdk-163538/conf/distro/include/rdkv.inc
2025-08-26 07:03:34,674 - Knowledge - INFO - worker kw14 pull /app/data/b2c/163538/b9731r2/meta-rdk-163538/conf/distro/include/rdk-versions.inc from ingest queue
2025-08-26 07:03:34,676 - Knowledge - INFO - Found code-base-name: https://github.com/kavia-common/meta-rdk-163538.git:kavia-master
2025-08-26 07:03:34,676 - Knowledge - INFO - Found code-base-name: https://github.com/kavia-common/meta-rdk-163538.git:kavia-master
2025-08-26 07:03:34,676 - Knowledge - INFO - worker kw8 pull /app/data/b2c/163538/b9731r2/meta-rdk-163538/conf/distro/include/setscene_enforce_whitelist.inc from ingest queue
2025-08-26 07:03:34,676 - Knowledge - INFO - adding /app/data/b2c/163538/b9731r2/meta-rdk-163538/conf/distro/include/rdk_security_flags.inc to ingest queue
2025-08-26 07:03:34,863 - Knowledge - INFO - knowledge worker kw20 start
2025-08-26 07:03:34,865 - Knowledge - WARNING - High connection count: 21 connections active
2025-08-26 07:03:35,678 - Knowledge - INFO - process ingested knowledge for /app/data/b2c/163538/b9731r2/meta-rdk-163538/conf/distro/include/rdk-versions.inc
2025-08-26 07:03:35,744 - Knowledge - INFO - Found code_base: <app.utils.kg_build.knowledge.KnowledgeCodeBase object at 0x7f53b60981d0>
2025-08-26 07:03:35,849 - Knowledge - INFO - Found code_base: <app.utils.kg_build.knowledge.KnowledgeCodeBase object at 0x7f53b60981d0>
2025-08-26 07:03:35,999 - Knowledge - INFO - process ingested knowledge for /app/data/b2c/163538/b9731r2/meta-rdk-163538/conf/distro/include/setscene_enforce_whitelist.inc
2025-08-26 07:03:36,043 - Knowledge - INFO - worker kw18 pull /app/data/b2c/163538/b9731r2/meta-rdk-163538/conf/distro/include/license_flags_accepted.inc from ingest queue
2025-08-26 07:03:36,043 - Knowledge - INFO - worker kw19 pull /app/data/b2c/163538/b9731r2/meta-rdk-163538/recipes-containers/dobby/dobby.inc from ingest queue
2025-08-26 07:03:36,044 - Knowledge - INFO - Found code-base-name: https://github.com/kavia-common/meta-rdk-163538.git:kavia-master
2025-08-26 07:03:36,045 - Knowledge - INFO - Found code-base-name: https://github.com/kavia-common/meta-rdk-163538.git:kavia-master
2025-08-26 07:03:36,045 - Knowledge - INFO - worker kw9 pull /app/data/b2c/163538/b9731r2/meta-rdk-163538/recipes-core/images/sdk-common.inc from ingest queue
2025-08-26 07:03:36,045 - Knowledge - INFO - adding /app/data/b2c/163538/b9731r2/meta-rdk-163538/conf/distro/include/rdkc.inc to ingest queue
2025-08-26 07:03:36,212 - Knowledge - INFO - worker kw21 created with dedicated MongoDB connection (total: 21)
2025-08-26 07:03:36,421 - Knowledge - INFO - persist ingested knowledge for /app/data/b2c/163538/b9731r2/meta-rdk-163538/conf/distro/include/rdk_backtrace_log.inc
2025-08-26 07:03:36,492 - Knowledge - INFO - persist ingested knowledge for /app/data/b2c/163538/b9731r2/meta-rdk-163538/conf/distro/include/libsoup3.inc
2025-08-26 07:03:36,710 - Knowledge - INFO - process ingested knowledge for /app/data/b2c/163538/b9731r2/meta-rdk-163538/conf/distro/include/license_flags_accepted.inc
2025-08-26 07:03:36,793 - Knowledge - INFO - process ingested knowledge for /app/data/b2c/163538/b9731r2/meta-rdk-163538/recipes-containers/dobby/dobby.inc
2025-08-26 07:03:36,876 - Knowledge - INFO - Found code_base: <app.utils.kg_build.knowledge.KnowledgeCodeBase object at 0x7f53b60981d0>
2025-08-26 07:03:36,956 - Knowledge - INFO - Found code_base: <app.utils.kg_build.knowledge.KnowledgeCodeBase object at 0x7f53b60981d0>
2025-08-26 07:03:37,061 - Knowledge - INFO - process ingested knowledge for /app/data/b2c/163538/b9731r2/meta-rdk-163538/recipes-core/images/sdk-common.inc
2025-08-26 07:03:37,227 - Knowledge - INFO - knowledge worker kw21 start
2025-08-26 07:03:37,230 - Knowledge - WARNING - High connection count: 22 connections active
2025-08-26 07:03:37,355 - Knowledge - INFO - Found code-base-name: https://github.com/kavia-common/meta-rdk-163538.git:kavia-master
2025-08-26 07:03:37,355 - Knowledge - INFO - Found code-base-name: https://github.com/kavia-common/meta-rdk-163538.git:kavia-master
2025-08-26 07:03:37,355 - Knowledge - INFO - Found code-base-name: https://github.com/kavia-common/meta-rdk-163538.git:kavia-master
2025-08-26 07:03:38,362 - Knowledge - INFO - Found code_base: <app.utils.kg_build.knowledge.KnowledgeCodeBase object at 0x7f53b60981d0>
2025-08-26 07:03:37,355 - Knowledge - INFO - Found code-base-name: https://github.com/kavia-common/meta-rdk-163538.git:kavia-master
2025-08-26 07:03:37,355 - Knowledge - INFO - Found code-base-name: https://github.com/kavia-common/meta-rdk-163538.git:kavia-master
2025-08-26 07:03:37,356 - Knowledge - INFO - Found code-base-name: https://github.com/kavia-common/meta-rdk-163538.git:kavia-master
2025-08-26 07:03:37,356 - Knowledge - INFO - worker kw3 pull /app/data/b2c/163538/b9731r2/meta-rdk-163538/recipes-core/images/rdk-generic-media-common.inc from ingest queue
2025-08-26 07:03:37,356 - Knowledge - INFO - adding /app/data/b2c/163538/b9731r2/meta-rdk-163538/conf/distro/include/rdkvemu.inc to ingest queue
2025-08-26 07:03:37,708 - Knowledge - INFO - persist ingested knowledge for /app/data/b2c/163538/b9731r2/meta-rdk-163538/conf/distro/include/setscene_enforce_ignore_tasks.inc
2025-08-26 07:03:37,804 - Knowledge - INFO - persist ingested knowledge for /app/data/b2c/163538/b9731r2/meta-rdk-163538/conf/distro/include/rdkb_backtrace_log.inc
2025-08-26 07:03:38,072 - Knowledge - INFO - worker kw22 created with dedicated MongoDB connection (total: 22)
2025-08-26 07:03:38,187 - Knowledge - INFO - Found code_base: <app.utils.kg_build.knowledge.KnowledgeCodeBase object at 0x7f53b60981d0>
2025-08-26 07:03:38,281 - Knowledge - INFO - Found code_base: <app.utils.kg_build.knowledge.KnowledgeCodeBase object at 0x7f53b60981d0>
2025-08-26 07:03:37,355 - Knowledge - INFO - worker kw4 pull /app/data/b2c/163538/b9731r2/meta-rdk-163538/recipes-core/images/rdk-esdk-override.inc from ingest queue
2025-08-26 07:03:38,446 - Knowledge - INFO - persist ingested knowledge for /app/data/b2c/163538/b9731r2/meta-rdk-163538/conf/distro/include/rdkv.inc
2025-08-26 07:03:38,563 - Knowledge - INFO - Found code_base: <app.utils.kg_build.knowledge.KnowledgeCodeBase object at 0x7f53b60981d0>
2025-08-26 07:03:38,643 - Knowledge - INFO - Found code_base: <app.utils.kg_build.knowledge.KnowledgeCodeBase object at 0x7f53b60981d0>
2025-08-26 07:03:39,809 - Knowledge - INFO - persist ingested knowledge for /app/data/b2c/163538/b9731r2/meta-rdk-163538/conf/distro/include/rdk-versions.inc
2025-08-26 07:03:38,931 - Knowledge - INFO - process ingested knowledge for /app/data/b2c/163538/b9731r2/meta-rdk-163538/recipes-core/images/rdk-generic-media-common.inc
2025-08-26 07:03:38,988 - Knowledge - INFO - adding /app/data/b2c/163538/b9731r2/meta-rdk-163538/conf/distro/include/rdkx.inc to ingest queue
2025-08-26 07:03:39,271 - Knowledge - INFO - knowledge worker kw22 start
2025-08-26 07:03:39,274 - Knowledge - WARNING - High connection count: 23 connections active
2025-08-26 07:03:39,347 - Knowledge - INFO - persist ingested knowledge for /app/data/b2c/163538/b9731r2/meta-rdk-163538/conf/distro/include/rdkb.inc
2025-08-26 07:03:39,434 - Knowledge - INFO - persist ingested knowledge for /app/data/b2c/163538/b9731r2/meta-rdk-163538/conf/distro/include/rdk_lto.inc
2025-08-26 07:03:39,568 - Knowledge - INFO - process ingested knowledge for /app/data/b2c/163538/b9731r2/meta-rdk-163538/recipes-core/images/rdk-esdk-override.inc
2025-08-26 07:03:39,724 - Knowledge - INFO - persist ingested knowledge for /app/data/b2c/163538/b9731r2/meta-rdk-163538/conf/distro/include/license_flags_whitelist.inc
2025-08-26 07:03:38,760 - Knowledge - INFO - Found code_base: <app.utils.kg_build.knowledge.KnowledgeCodeBase object at 0x7f53b60981d0>
2025-08-26 07:03:40,185 - Knowledge - INFO - adding /app/data/b2c/163538/b9731r2/meta-rdk-163538/conf/distro/include/rdk_backtrace_log.inc to ingest queue
2025-08-26 07:03:40,317 - Knowledge - INFO - worker kw23 created with dedicated MongoDB connection (total: 23)
2025-08-26 07:03:40,799 - Knowledge - INFO - persist ingested knowledge for /app/data/b2c/163538/b9731r2/meta-rdk-163538/conf/distro/include/setscene_enforce_whitelist.inc
2025-08-26 07:03:40,881 - Knowledge - INFO - worker kw20 pull /app/data/b2c/163538/b9731r2/meta-rdk-163538/recipes-common/sys_mon_tools/sys_mon_tools.inc from ingest queue
2025-08-26 07:03:40,948 - Knowledge - INFO - Found code-base-name: https://github.com/kavia-common/meta-rdk-163538.git:kavia-master
2025-08-26 07:03:40,949 - Knowledge - INFO - Found code-base-name: https://github.com/kavia-common/meta-rdk-163538.git:kavia-master
2025-08-26 07:03:40,949 - Knowledge - INFO - Found code-base-name: https://github.com/kavia-common/meta-rdk-163538.git:kavia-master
2025-08-26 07:03:41,431 - Knowledge - INFO - Found code_base: <app.utils.kg_build.knowledge.KnowledgeCodeBase object at 0x7f53b60981d0>
2025-08-26 07:03:40,949 - Knowledge - INFO - worker kw11 pull /app/data/b2c/163538/b9731r2/meta-rdk-163538/recipes-common/safec-common-wrapper/files/safec_lib.h from ingest queue
2025-08-26 07:03:40,999 - Knowledge - INFO - knowledge worker kw23 start
2025-08-26 07:03:41,001 - Knowledge - WARNING - High connection count: 24 connections active
2025-08-26 07:03:41,892 - Knowledge - INFO - worker kw24 created with dedicated MongoDB connection (total: 24)
2025-08-26 07:03:41,120 - Knowledge - INFO - worker kw10 pull /app/data/b2c/163538/b9731r2/meta-rdk-163538/recipes-common/debug-tools/files/debug-tools_download.sh from ingest queue
2025-08-26 07:03:41,120 - Knowledge - INFO - adding /app/data/b2c/163538/b9731r2/meta-rdk-163538/conf/distro/include/rdk_multilib.inc to ingest queue
2025-08-26 07:03:41,214 - Knowledge - INFO - process ingested knowledge for /app/data/b2c/163538/b9731r2/meta-rdk-163538/recipes-common/sys_mon_tools/sys_mon_tools.inc
2025-08-26 07:03:41,272 - Knowledge - INFO - Found code_base: <app.utils.kg_build.knowledge.KnowledgeCodeBase object at 0x7f53b60981d0>
2025-08-26 07:03:41,352 - Knowledge - INFO - Found code_base: <app.utils.kg_build.knowledge.KnowledgeCodeBase object at 0x7f53b60981d0>
2025-08-26 07:03:40,949 - Knowledge - INFO - worker kw21 pull /app/data/b2c/163538/b9731r2/meta-rdk-163538/recipes-common/gtest-apps/gtest-apps/gtest_apps_download.sh from ingest queue
2025-08-26 07:03:41,549 - Knowledge - INFO - persist ingested knowledge for /app/data/b2c/163538/b9731r2/meta-rdk-163538/recipes-core/images/sdk-common.inc
2025-08-26 07:03:41,708 - Knowledge - INFO - process ingested knowledge for /app/data/b2c/163538/b9731r2/meta-rdk-163538/recipes-common/safec-common-wrapper/files/safec_lib.h
2025-08-26 07:03:41,119 - Knowledge - INFO - Found code-base-name: https://github.com/kavia-common/meta-rdk-163538.git:kavia-master
2025-08-26 07:03:42,021 - Knowledge - INFO - knowledge worker kw24 start
2025-08-26 07:03:42,024 - Knowledge - WARNING - High connection count: 25 connections active
2025-08-26 07:03:42,162 - Knowledge - INFO - process ingested knowledge for /app/data/b2c/163538/b9731r2/meta-rdk-163538/recipes-common/debug-tools/files/debug-tools_download.sh
2025-08-26 07:03:42,309 - Knowledge - INFO - Found code-base-name: https://github.com/kavia-common/meta-rdk-163538.git:kavia-master
2025-08-26 07:03:42,376 - Knowledge - INFO - adding /app/data/b2c/163538/b9731r2/meta-rdk-163538/conf/distro/include/rdk-external-src.inc to ingest queue
2025-08-26 07:03:42,469 - Knowledge - INFO - persist ingested knowledge for /app/data/b2c/163538/b9731r2/meta-rdk-163538/conf/distro/include/license_flags_accepted.inc
2025-08-26 07:03:42,593 - Knowledge - INFO - persist ingested knowledge for /app/data/b2c/163538/b9731r2/meta-rdk-163538/recipes-containers/dobby/dobby.inc
2025-08-26 07:03:42,760 - Knowledge - INFO - process ingested knowledge for /app/data/b2c/163538/b9731r2/meta-rdk-163538/recipes-common/gtest-apps/gtest-apps/gtest_apps_download.sh
2025-08-26 07:03:43,037 - Knowledge - INFO - Found code_base: <app.utils.kg_build.knowledge.KnowledgeCodeBase object at 0x7f53b60981d0>
2025-08-26 07:03:43,230 - Knowledge - INFO - worker kw25 created with dedicated MongoDB connection (total: 25)
2025-08-26 07:03:43,407 - Knowledge - INFO - Found code_base: <app.utils.kg_build.knowledge.KnowledgeCodeBase object at 0x7f53b60981d0>
2025-08-26 07:03:43,537 - Knowledge - INFO - worker kw13 pull /app/data/b2c/163538/b9731r2/meta-rdk-163538/recipes-extended/webkitbrowser-plugin/include/webkitbrowser_memorylimits.fhd.inc from ingest queue
2025-08-26 07:03:43,537 - Knowledge - INFO - adding /app/data/b2c/163538/b9731r2/meta-rdk-163538/conf/distro/include/libsoup3.inc to ingest queue
2025-08-26 07:03:43,907 - Knowledge - INFO - persist ingested knowledge for /app/data/b2c/163538/b9731r2/meta-rdk-163538/recipes-core/images/rdk-generic-media-common.inc
2025-08-26 07:03:43,996 - Knowledge - INFO - knowledge worker kw25 start
2025-08-26 07:03:44,112 - Knowledge - INFO - persist ingested knowledge for /app/data/b2c/163538/b9731r2/meta-rdk-163538/recipes-core/images/rdk-esdk-override.inc
2025-08-26 07:03:44,222 - Knowledge - INFO - process ingested knowledge for /app/data/b2c/163538/b9731r2/meta-rdk-163538/recipes-extended/webkitbrowser-plugin/include/webkitbrowser_memorylimits.fhd.inc
2025-08-26 07:03:44,331 - Knowledge - INFO - adding /app/data/b2c/163538/b9731r2/meta-rdk-163538/conf/distro/include/rdkb_backtrace_log.inc to ingest queue
2025-08-26 07:03:44,777 - Knowledge - INFO - adding /app/data/b2c/163538/b9731r2/meta-rdk-163538/conf/distro/include/rdkv.inc to ingest queue
2025-08-26 07:03:44,914 - Knowledge - INFO - adding /app/data/b2c/163538/b9731r2/meta-rdk-163538/conf/distro/include/rdk-versions.inc to ingest queue
2025-08-26 07:03:44,999 - Knowledge - INFO - worker kw22 pull /app/data/b2c/163538/b9731r2/meta-rdk-163538/recipes-extended/webkitbrowser-plugin/include/webkitbrowser_properties.inc from ingest queue
2025-08-26 07:03:45,001 - Knowledge - INFO - worker kw23 pull /app/data/b2c/163538/b9731r2/meta-rdk-163538/recipes-extended/webkitbrowser-plugin/include/webkitbrowser_memorylimits.2gb.inc from ingest queue
2025-08-26 07:03:45,002 - Knowledge - INFO - adding /app/data/b2c/163538/b9731r2/meta-rdk-163538/conf/distro/include/rdkb.inc to ingest queue
2025-08-26 07:03:45,117 - Knowledge - INFO - process ingested knowledge for /app/data/b2c/163538/b9731r2/meta-rdk-163538/recipes-extended/webkitbrowser-plugin/include/webkitbrowser_properties.inc
2025-08-26 07:03:45,230 - Knowledge - INFO - process ingested knowledge for /app/data/b2c/163538/b9731r2/meta-rdk-163538/recipes-extended/webkitbrowser-plugin/include/webkitbrowser_memorylimits.2gb.inc
2025-08-26 07:03:45,316 - Knowledge - INFO - adding /app/data/b2c/163538/b9731r2/meta-rdk-163538/conf/distro/include/rdk_lto.inc to ingest queue
2025-08-26 07:03:45,577 - Knowledge - INFO - Found code-base-name: https://github.com/kavia-common/meta-rdk-163538.git:kavia-master
2025-08-26 07:03:45,579 - Knowledge - INFO - adding /app/data/b2c/163538/b9731r2/meta-rdk-163538/conf/distro/include/license_flags_whitelist.inc to ingest queue
2025-08-26 07:03:45,654 - Knowledge - INFO - Found code_base: <app.utils.kg_build.knowledge.KnowledgeCodeBase object at 0x7f53b60981d0>
2025-08-26 07:03:45,784 - Knowledge - INFO - Found code-base-name: https://github.com/kavia-common/meta-rdk-163538.git:kavia-master
2025-08-26 07:03:45,784 - Knowledge - INFO - worker kw24 pull /app/data/b2c/163538/b9731r2/meta-rdk-163538/recipes-extended/webkitbrowser-plugin/include/webkitbrowser_memorylimits.uhd.inc from ingest queue
2025-08-26 07:03:45,784 - Knowledge - INFO - Found code-base-name: https://github.com/kavia-common/meta-rdk-163538.git:kavia-master
2025-08-26 07:03:45,784 - Knowledge - INFO - worker kw12 pull /app/data/b2c/163538/b9731r2/meta-rdk-163538/recipes-extended/webkitbrowser-plugin/include/webkitbrowser_memorylimits.default.inc from ingest queue
2025-08-26 07:03:45,825 - Knowledge - INFO - persist ingested knowledge for /app/data/b2c/163538/b9731r2/meta-rdk-163538/recipes-common/sys_mon_tools/sys_mon_tools.inc
2025-08-26 07:03:45,844 - Knowledge - INFO - Found code-base-name: https://github.com/kavia-common/meta-rdk-163538.git:kavia-master
2025-08-26 07:03:45,844 - Knowledge - INFO - worker kw5 pull /app/data/b2c/163538/b9731r2/meta-rdk-163538/recipes-extended/webkitbrowser-plugin/files/clearWebkitBrowserCache.sh from ingest queue
2025-08-26 07:03:45,900 - Knowledge - INFO - worker kw25 pull /app/data/b2c/163538/b9731r2/meta-rdk-163538/rename_srcrev.sh from ingest queue
2025-08-26 07:03:45,901 - Knowledge - INFO - Found code_base: <app.utils.kg_build.knowledge.KnowledgeCodeBase object at 0x7f53b60981d0>
2025-08-26 07:03:45,956 - Knowledge - INFO - Found code-base-name: https://github.com/kavia-common/meta-rdk-163538.git:kavia-master
2025-08-26 07:03:45,956 - Knowledge - INFO - worker kw7 pull /app/data/b2c/163538/b9731r2/meta-rdk-163538/recipes-support/network-zero-conf/files/board_access.sh from ingest queue
2025-08-26 07:03:45,957 - Knowledge - INFO - worker kw17 pull /app/data/b2c/163538/b9731r2/meta-rdk-163538/recipes-support/network-zero-conf/files/default-time-setter.sh from ingest queue
2025-08-26 07:03:45,957 - Knowledge - INFO - worker kw14 pull /app/data/b2c/163538/b9731r2/meta-rdk-163538/recipes-benchmark/stress-ng/files/rdk_oss_uploadSTBLogs.sh from ingest queue
2025-08-26 07:03:45,957 - Knowledge - INFO - worker kw6 pull /app/data/b2c/163538/b9731r2/meta-rdk-163538/recipes-benchmark/stress-ng/files/openssl-ptest-perf_stats.sh from ingest queue
2025-08-26 07:03:45,957 - Knowledge - INFO - Found code-base-name: https://github.com/kavia-common/meta-rdk-163538.git:kavia-master
2025-08-26 07:03:45,957 - Knowledge - INFO - adding /app/data/b2c/163538/b9731r2/meta-rdk-163538/recipes-core/images/sdk-common.inc to ingest queue
2025-08-26 07:03:46,046 - Knowledge - INFO - process ingested knowledge for /app/data/b2c/163538/b9731r2/meta-rdk-163538/recipes-extended/webkitbrowser-plugin/include/webkitbrowser_memorylimits.uhd.inc
2025-08-26 07:03:46,130 - Knowledge - INFO - Found code_base: <app.utils.kg_build.knowledge.KnowledgeCodeBase object at 0x7f53b60981d0>
2025-08-26 07:03:47,584 - Knowledge - INFO - persist ingested knowledge for /app/data/b2c/163538/b9731r2/meta-rdk-163538/recipes-common/debug-tools/files/debug-tools_download.sh
2025-08-26 07:03:46,429 - Knowledge - INFO - Found code_base: <app.utils.kg_build.knowledge.KnowledgeCodeBase object at 0x7f53b60981d0>
2025-08-26 07:03:46,570 - Knowledge - INFO - process ingested knowledge for /app/data/b2c/163538/b9731r2/meta-rdk-163538/recipes-extended/webkitbrowser-plugin/files/clearWebkitBrowserCache.sh
2025-08-26 07:03:46,686 - Knowledge - INFO - process ingested knowledge for /app/data/b2c/163538/b9731r2/meta-rdk-163538/rename_srcrev.sh
2025-08-26 07:03:46,715 - Knowledge - INFO - persist ingested knowledge for /app/data/b2c/163538/b9731r2/meta-rdk-163538/recipes-common/safec-common-wrapper/files/safec_lib.h
2025-08-26 07:03:46,797 - Knowledge - INFO - Found code_base: <app.utils.kg_build.knowledge.KnowledgeCodeBase object at 0x7f53b60981d0>
2025-08-26 07:03:46,911 - Knowledge - INFO - process ingested knowledge for /app/data/b2c/163538/b9731r2/meta-rdk-163538/recipes-support/network-zero-conf/files/board_access.sh
2025-08-26 07:03:46,983 - Knowledge - INFO - process ingested knowledge for /app/data/b2c/163538/b9731r2/meta-rdk-163538/recipes-support/network-zero-conf/files/default-time-setter.sh
2025-08-26 07:03:47,065 - Knowledge - INFO - process ingested knowledge for /app/data/b2c/163538/b9731r2/meta-rdk-163538/recipes-benchmark/stress-ng/files/rdk_oss_uploadSTBLogs.sh
2025-08-26 07:03:47,185 - Knowledge - INFO - process ingested knowledge for /app/data/b2c/163538/b9731r2/meta-rdk-163538/recipes-benchmark/stress-ng/files/openssl-ptest-perf_stats.sh
2025-08-26 07:03:47,241 - Knowledge - INFO - Found code_base: <app.utils.kg_build.knowledge.KnowledgeCodeBase object at 0x7f53b60981d0>
2025-08-26 07:03:47,426 - Knowledge - INFO - adding /app/data/b2c/163538/b9731r2/meta-rdk-163538/conf/distro/include/license_flags_accepted.inc to ingest queue
2025-08-26 07:03:46,266 - Knowledge - INFO - process ingested knowledge for /app/data/b2c/163538/b9731r2/meta-rdk-163538/recipes-extended/webkitbrowser-plugin/include/webkitbrowser_memorylimits.default.inc
2025-08-26 07:03:47,758 - Knowledge - INFO - persist ingested knowledge for /app/data/b2c/163538/b9731r2/meta-rdk-163538/recipes-common/gtest-apps/gtest-apps/gtest_apps_download.sh
2025-08-26 07:03:48,129 - Knowledge - INFO - persist ingested knowledge for /app/data/b2c/163538/b9731r2/meta-rdk-163538/recipes-extended/webkitbrowser-plugin/include/webkitbrowser_memorylimits.fhd.inc
2025-08-26 07:03:48,622 - Knowledge - INFO - persist ingested knowledge for /app/data/b2c/163538/b9731r2/meta-rdk-163538/recipes-extended/webkitbrowser-plugin/include/webkitbrowser_memorylimits.2gb.inc
2025-08-26 07:03:48,752 - Knowledge - INFO - adding /app/data/b2c/163538/b9731r2/meta-rdk-163538/conf/distro/include/setscene_enforce_ignore_tasks.inc to ingest queue
2025-08-26 07:03:49,216 - Knowledge - INFO - adding /app/data/b2c/163538/b9731r2/meta-rdk-163538/recipes-core/images/rdk-generic-media-common.inc to ingest queue
2025-08-26 07:03:49,302 - Knowledge - INFO - worker kw3 pull /app/data/b2c/163538/b9731r2/meta-rdk-163538/recipes-benchmark/stress-ng/files/capture-proc-metrics.sh from ingest queue
2025-08-26 07:03:49,304 - Knowledge - INFO - worker kw1 pull /app/data/b2c/163538/b9731r2/meta-rdk-163538/recipes-benchmark/stress-ng/files/openssl-ptest-stress.sh from ingest queue
2025-08-26 07:03:49,304 - Knowledge - INFO - Found code-base-name: https://github.com/kavia-common/meta-rdk-163538.git:kavia-master
2025-08-26 07:03:49,304 - Knowledge - INFO - worker kw15 pull /app/data/b2c/163538/b9731r2/meta-rdk-163538/recipes-benchmark/stress-ng/files/stress-ng-tests.sh from ingest queue
2025-08-26 07:03:49,304 - Knowledge - INFO - worker kw16 pull /app/data/b2c/163538/b9731r2/meta-rdk-163538/CONTRIBUTING.md from ingest queue
2025-08-26 07:03:49,305 - Knowledge - INFO - worker kw9 pull /app/data/b2c/163538/b9731r2/meta-rdk-163538/recipes-test/hello/files/hello.c from ingest queue
2025-08-26 07:03:49,305 - Knowledge - INFO - adding /app/data/b2c/163538/b9731r2/meta-rdk-163538/recipes-containers/dobby/dobby.inc to ingest queue
2025-08-26 07:03:49,427 - Knowledge - INFO - process ingested knowledge for /app/data/b2c/163538/b9731r2/meta-rdk-163538/recipes-benchmark/stress-ng/files/capture-proc-metrics.sh
2025-08-26 07:03:49,508 - Knowledge - INFO - process ingested knowledge for /app/data/b2c/163538/b9731r2/meta-rdk-163538/recipes-benchmark/stress-ng/files/openssl-ptest-stress.sh
2025-08-26 07:03:49,553 - Knowledge - INFO - Found code_base: <app.utils.kg_build.knowledge.KnowledgeCodeBase object at 0x7f53b60981d0>
2025-08-26 07:03:49,701 - Knowledge - INFO - process ingested knowledge for /app/data/b2c/163538/b9731r2/meta-rdk-163538/recipes-benchmark/stress-ng/files/stress-ng-tests.sh
2025-08-26 07:03:49,820 - Knowledge - INFO - process ingested knowledge for /app/data/b2c/163538/b9731r2/meta-rdk-163538/CONTRIBUTING.md
2025-08-26 07:03:49,872 - Knowledge - INFO - Thread kw9 - File hello.c - Remaining files in queue: 28
2025-08-26 07:03:50,040 - Knowledge - INFO - Found code-base-name: https://github.com/kavia-common/meta-rdk-163538.git:kavia-master
2025-08-26 07:03:50,040 - Knowledge - INFO - Found code-base-name: https://github.com/kavia-common/meta-rdk-163538.git:kavia-master
2025-08-26 07:03:50,103 - Knowledge - INFO - Found code-base-name: https://github.com/kavia-common/meta-rdk-163538.git:kavia-master
2025-08-26 07:03:50,103 - Knowledge - INFO - Found code-base-name: https://github.com/kavia-common/meta-rdk-163538.git:kavia-master
2025-08-26 07:03:50,103 - Knowledge - INFO - Found code-base-name: https://github.com/kavia-common/meta-rdk-163538.git:kavia-master
2025-08-26 07:03:50,104 - Knowledge - INFO - Found code-base-name: https://github.com/kavia-common/meta-rdk-163538.git:kavia-master
2025-08-26 07:03:50,104 - Knowledge - INFO - worker kw18 pull /app/data/b2c/163538/b9731r2/meta-rdk-163538/recipes-test/hello/files/run-hello-app.sh from ingest queue
2025-08-26 07:03:50,104 - Knowledge - INFO - Found code-base-name: https://github.com/kavia-common/meta-rdk-163538.git:kavia-master
2025-08-26 07:03:50,222 - Knowledge - INFO - worker kw2 pull /app/data/b2c/163538/b9731r2/meta-rdk-163538/recipes-test/leakcheck-msg/files/utility.c from ingest queue
2025-08-26 07:03:50,222 - Knowledge - INFO - adding /app/data/b2c/163538/b9731r2/meta-rdk-163538/recipes-core/images/rdk-esdk-override.inc to ingest queue
2025-08-26 07:03:50,278 - Knowledge - INFO - persist ingested knowledge for /app/data/b2c/163538/b9731r2/meta-rdk-163538/recipes-extended/webkitbrowser-plugin/include/webkitbrowser_properties.inc
2025-08-26 07:03:50,553 - Knowledge - INFO - start ingest for /app/data/b2c/163538/b9731r2/meta-rdk-163538/recipes-test/hello/files/hello.c
2025-08-26 07:03:50,647 - Knowledge - INFO - Found code_base: <app.utils.kg_build.knowledge.KnowledgeCodeBase object at 0x7f53b60981d0>
2025-08-26 07:03:50,757 - Knowledge - INFO - Found code_base: <app.utils.kg_build.knowledge.KnowledgeCodeBase object at 0x7f53b60981d0>
2025-08-26 07:03:50,846 - Knowledge - INFO - Found code_base: <app.utils.kg_build.knowledge.KnowledgeCodeBase object at 0x7f53b60981d0>
2025-08-26 07:03:50,931 - Knowledge - INFO - Found code_base: <app.utils.kg_build.knowledge.KnowledgeCodeBase object at 0x7f53b60981d0>
2025-08-26 07:03:51,046 - Knowledge - INFO - Found code_base: <app.utils.kg_build.knowledge.KnowledgeCodeBase object at 0x7f53b60981d0>
2025-08-26 07:03:51,166 - Knowledge - INFO - Found code_base: <app.utils.kg_build.knowledge.KnowledgeCodeBase object at 0x7f53b60981d0>
2025-08-26 07:03:51,244 - Knowledge - INFO - Thread kw18 - File run-hello-app.sh - Remaining files in queue: 27
2025-08-26 07:03:51,326 - Knowledge - INFO - Found code_base: <app.utils.kg_build.knowledge.KnowledgeCodeBase object at 0x7f53b60981d0>
2025-08-26 07:03:51,414 - Knowledge - INFO - Thread kw2 - File utility.c - Remaining files in queue: 27
2025-08-26 07:03:51,570 - Knowledge - INFO - Found code-base-name: https://github.com/kavia-common/meta-rdk-163538.git:kavia-master
2025-08-26 07:03:51,570 - Knowledge - INFO - worker kw19 pull /app/data/b2c/163538/b9731r2/meta-rdk-163538/recipes-test/leakcheck-msg/files/msgq_receive.c from ingest queue
2025-08-26 07:03:51,570 - Knowledge - INFO - adding /app/data/b2c/163538/b9731r2/meta-rdk-163538/recipes-common/debug-tools/files/debug-tools_download.sh to ingest queue
2025-08-26 07:03:51,716 - Knowledge - INFO - Fast-track processing for simple file: /app/data/b2c/163538/b9731r2/meta-rdk-163538/recipes-test/hello/files/hello.c
2025-08-26 07:03:51,790 - Knowledge - INFO - persist ingested knowledge for /app/data/b2c/163538/b9731r2/meta-rdk-163538/recipes-extended/webkitbrowser-plugin/files/clearWebkitBrowserCache.sh
2025-08-26 07:03:51,898 - Knowledge - INFO - persist ingested knowledge for /app/data/b2c/163538/b9731r2/meta-rdk-163538/rename_srcrev.sh
2025-08-26 07:03:52,020 - Knowledge - INFO - persist ingested knowledge for /app/data/b2c/163538/b9731r2/meta-rdk-163538/recipes-support/network-zero-conf/files/board_access.sh
2025-08-26 07:03:52,133 - Knowledge - INFO - persist ingested knowledge for /app/data/b2c/163538/b9731r2/meta-rdk-163538/recipes-support/network-zero-conf/files/default-time-setter.sh
2025-08-26 07:03:52,217 - Knowledge - INFO - persist ingested knowledge for /app/data/b2c/163538/b9731r2/meta-rdk-163538/recipes-benchmark/stress-ng/files/rdk_oss_uploadSTBLogs.sh
2025-08-26 07:03:52,343 - Knowledge - INFO - persist ingested knowledge for /app/data/b2c/163538/b9731r2/meta-rdk-163538/recipes-benchmark/stress-ng/files/openssl-ptest-perf_stats.sh
2025-08-26 07:03:52,419 - Knowledge - INFO - start ingest for /app/data/b2c/163538/b9731r2/meta-rdk-163538/recipes-test/hello/files/run-hello-app.sh
2025-08-26 07:03:52,506 - Knowledge - INFO - persist ingested knowledge for /app/data/b2c/163538/b9731r2/meta-rdk-163538/recipes-extended/webkitbrowser-plugin/include/webkitbrowser_memorylimits.default.inc
2025-08-26 07:03:52,598 - Knowledge - INFO - start ingest for /app/data/b2c/163538/b9731r2/meta-rdk-163538/recipes-test/leakcheck-msg/files/utility.c
2025-08-26 07:03:52,705 - Knowledge - INFO - Found code_base: <app.utils.kg_build.knowledge.KnowledgeCodeBase object at 0x7f53b60981d0>
2025-08-26 07:03:52,816 - Knowledge - INFO - Thread kw19 - File msgq_receive.c - Remaining files in queue: 27
2025-08-26 07:03:52,893 - Knowledge - INFO - adding /app/data/b2c/163538/b9731r2/meta-rdk-163538/recipes-common/safec-common-wrapper/files/safec_lib.h to ingest queue
2025-08-26 07:03:52,992 - Knowledge - INFO - done fast ingest for /app/data/b2c/163538/b9731r2/meta-rdk-163538/recipes-test/hello/files/hello.c
2025-08-26 07:03:54,016 - Knowledge - INFO - persist ingested knowledge for /app/data/b2c/163538/b9731r2/meta-rdk-163538/recipes-extended/webkitbrowser-plugin/include/webkitbrowser_memorylimits.uhd.inc
2025-08-26 07:03:54,131 - Knowledge - INFO - start ingest for /app/data/b2c/163538/b9731r2/meta-rdk-163538/recipes-test/leakcheck-msg/files/msgq_receive.c
2025-08-26 07:03:54,303 - Knowledge - INFO - adding /app/data/b2c/163538/b9731r2/meta-rdk-163538/recipes-extended/webkitbrowser-plugin/include/webkitbrowser_memorylimits.fhd.inc to ingest queue
2025-08-26 07:03:54,310 - Knowledge - INFO - process ingested knowledge for /app/data/b2c/163538/b9731r2/meta-rdk-163538/recipes-test/hello/files/hello.c
2025-08-26 07:03:54,617 - Knowledge - INFO - Found code-base-name: https://github.com/kavia-common/meta-rdk-163538.git:kavia-master
2025-08-26 07:03:54,617 - Knowledge - INFO - adding /app/data/b2c/163538/b9731r2/meta-rdk-163538/conf/distro/include/setscene_enforce_whitelist.inc to ingest queue
2025-08-26 07:03:54,794 - Knowledge - INFO - Found code_base: <app.utils.kg_build.knowledge.KnowledgeCodeBase object at 0x7f53b60981d0>
2025-08-26 07:03:54,903 - Knowledge - INFO - adding /app/data/b2c/163538/b9731r2/meta-rdk-163538/recipes-extended/webkitbrowser-plugin/include/webkitbrowser_memorylimits.2gb.inc to ingest queue
2025-08-26 07:03:54,972 - Knowledge - INFO - persist ingested knowledge for /app/data/b2c/163538/b9731r2/meta-rdk-163538/recipes-benchmark/stress-ng/files/openssl-ptest-stress.sh
2025-08-26 07:03:55,072 - Knowledge - INFO - Found code-base-name: https://github.com/kavia-common/meta-rdk-163538.git:kavia-master
2025-08-26 07:03:55,073 - Knowledge - INFO - Found code-base-name: https://github.com/kavia-common/meta-rdk-163538.git:kavia-master
2025-08-26 07:03:55,074 - Knowledge - INFO - worker kw4 pull /app/data/b2c/163538/b9731r2/meta-rdk-163538/conf/include/hashbase_whitelist.inc from ingest queue
2025-08-26 07:03:55,074 - Knowledge - INFO - Found code-base-name: https://github.com/kavia-common/meta-rdk-163538.git:kavia-master
2025-08-26 07:03:55,139 - Knowledge - INFO - worker kw10 pull /app/data/b2c/163538/b9731r2/meta-rdk-163538/conf/include/basehash_ignore_vars.inc from ingest queue
2025-08-26 07:03:55,286 - Knowledge - INFO - Found code_base: <app.utils.kg_build.knowledge.KnowledgeCodeBase object at 0x7f53b60981d0>
2025-08-26 07:03:55,353 - Knowledge - INFO - Found code_base: <app.utils.kg_build.knowledge.KnowledgeCodeBase object at 0x7f53b60981d0>
2025-08-26 07:03:55,446 - Knowledge - INFO - Thread kw4 - File hashbase_whitelist.inc - Remaining files in queue: 30
2025-08-26 07:03:55,508 - Knowledge - INFO - worker kw11 pull /app/data/b2c/163538/b9731r2/meta-rdk-163538/conf/distro/include/qt5-versions.inc from ingest queue
2025-08-26 07:03:55,509 - Knowledge - INFO - adding /app/data/b2c/163538/b9731r2/meta-rdk-163538/recipes-common/gtest-apps/gtest-apps/gtest_apps_download.sh to ingest queue
2025-08-26 07:03:55,567 - Knowledge - INFO - Found code_base: <app.utils.kg_build.knowledge.KnowledgeCodeBase object at 0x7f53b60981d0>
2025-08-26 07:03:55,654 - Knowledge - INFO - Thread kw10 - File basehash_ignore_vars.inc - Remaining files in queue: 29
2025-08-26 07:03:55,741 - Knowledge - INFO - persist ingested knowledge for /app/data/b2c/163538/b9731r2/meta-rdk-163538/recipes-benchmark/stress-ng/files/stress-ng-tests.sh
2025-08-26 07:03:56,034 - Knowledge - INFO - persist ingested knowledge for /app/data/b2c/163538/b9731r2/meta-rdk-163538/CONTRIBUTING.md
2025-08-26 07:03:56,126 - Knowledge - INFO - start ingest for /app/data/b2c/163538/b9731r2/meta-rdk-163538/conf/include/hashbase_whitelist.inc
2025-08-26 07:03:56,208 - Knowledge - INFO - Thread kw11 - File qt5-versions.inc - Remaining files in queue: 29
2025-08-26 07:03:56,295 - Knowledge - INFO - worker kw13 pull /app/data/b2c/163538/b9731r2/meta-rdk-163538/conf/distro/include/rdk-esdk-conf.inc from ingest queue
2025-08-26 07:03:56,296 - Knowledge - INFO - worker kw8 pull /app/data/b2c/163538/b9731r2/meta-rdk-163538/conf/conf-notes.txt from ingest queue
2025-08-26 07:03:56,297 - Knowledge - INFO - worker kw23 pull /app/data/b2c/163538/b9731r2/meta-rdk-163538/conf/distro/include/libsoup2.inc from ingest queue
2025-08-26 07:03:56,418 - Knowledge - INFO - persist ingested knowledge for /app/data/b2c/163538/b9731r2/meta-rdk-163538/recipes-benchmark/stress-ng/files/capture-proc-metrics.sh
2025-08-26 07:03:56,440 - Knowledge - INFO - adding /app/data/b2c/163538/b9731r2/meta-rdk-163538/recipes-extended/webkitbrowser-plugin/files/clearWebkitBrowserCache.sh to ingest queue
2025-08-26 07:03:56,523 - Knowledge - INFO - start ingest for /app/data/b2c/163538/b9731r2/meta-rdk-163538/conf/include/basehash_ignore_vars.inc
2025-08-26 07:03:56,870 - Knowledge - INFO - Fast-track processing for simple file: /app/data/b2c/163538/b9731r2/meta-rdk-163538/conf/include/hashbase_whitelist.inc
2025-08-26 07:03:56,947 - Knowledge - INFO - start ingest for /app/data/b2c/163538/b9731r2/meta-rdk-163538/conf/distro/include/qt5-versions.inc
2025-08-26 07:03:57,059 - Knowledge - INFO - Thread kw13 - File rdk-esdk-conf.inc - Remaining files in queue: 27
2025-08-26 07:03:57,080 - Knowledge - INFO - done ingest for /app/data/b2c/163538/b9731r2/meta-rdk-163538/recipes-test/hello/files/run-hello-app.sh
2025-08-26 07:03:57,158 - Knowledge - INFO - Thread kw8 - File conf-notes.txt - Remaining files in queue: 27
2025-08-26 07:03:57,342 - Knowledge - INFO - Thread kw23 - File libsoup2.inc - Remaining files in queue: 27
2025-08-26 07:03:57,568 - Knowledge - INFO - adding /app/data/b2c/163538/b9731r2/meta-rdk-163538/recipes-support/network-zero-conf/files/board_access.sh to ingest queue
2025-08-26 07:03:57,764 - Knowledge - INFO - Fast-track processing for simple file: /app/data/b2c/163538/b9731r2/meta-rdk-163538/conf/include/basehash_ignore_vars.inc
2025-08-26 07:03:57,875 - Knowledge - INFO - done fast ingest for /app/data/b2c/163538/b9731r2/meta-rdk-163538/conf/include/hashbase_whitelist.inc
2025-08-26 07:03:58,122 - Knowledge - INFO - start ingest for /app/data/b2c/163538/b9731r2/meta-rdk-163538/conf/distro/include/rdk-esdk-conf.inc
2025-08-26 07:03:58,233 - Knowledge - INFO - process ingested knowledge for /app/data/b2c/163538/b9731r2/meta-rdk-163538/recipes-test/hello/files/run-hello-app.sh
2025-08-26 07:03:58,325 - Knowledge - INFO - start ingest for /app/data/b2c/163538/b9731r2/meta-rdk-163538/conf/conf-notes.txt
2025-08-26 07:03:58,404 - Knowledge - INFO - start ingest for /app/data/b2c/163538/b9731r2/meta-rdk-163538/conf/distro/include/libsoup2.inc
2025-08-26 07:03:58,488 - Knowledge - INFO - adding /app/data/b2c/163538/b9731r2/meta-rdk-163538/recipes-support/network-zero-conf/files/default-time-setter.sh to ingest queue
2025-08-26 07:03:58,605 - Knowledge - INFO - done fast ingest for /app/data/b2c/163538/b9731r2/meta-rdk-163538/conf/include/basehash_ignore_vars.inc
2025-08-26 07:03:58,688 - Knowledge - INFO - process ingested knowledge for /app/data/b2c/163538/b9731r2/meta-rdk-163538/conf/include/hashbase_whitelist.inc
2025-08-26 07:03:58,796 - Knowledge - INFO - Fast-track processing for simple file: /app/data/b2c/163538/b9731r2/meta-rdk-163538/conf/distro/include/rdk-esdk-conf.inc
2025-08-26 07:03:58,822 - Knowledge - INFO - done ingest for /app/data/b2c/163538/b9731r2/meta-rdk-163538/recipes-test/leakcheck-msg/files/utility.c
2025-08-26 07:03:59,009 - Knowledge - INFO - Fast-track processing for simple file: /app/data/b2c/163538/b9731r2/meta-rdk-163538/conf/conf-notes.txt
2025-08-26 07:03:59,220 - Knowledge - INFO - adding /app/data/b2c/163538/b9731r2/meta-rdk-163538/recipes-benchmark/stress-ng/files/rdk_oss_uploadSTBLogs.sh to ingest queue
2025-08-26 07:03:59,318 - Knowledge - INFO - process ingested knowledge for /app/data/b2c/163538/b9731r2/meta-rdk-163538/conf/include/basehash_ignore_vars.inc
2025-08-26 07:03:59,553 - Knowledge - INFO - done fast ingest for /app/data/b2c/163538/b9731r2/meta-rdk-163538/conf/distro/include/rdk-esdk-conf.inc
2025-08-26 07:03:59,736 - Knowledge - INFO - done ingest for /app/data/b2c/163538/b9731r2/meta-rdk-163538/conf/distro/include/qt5-versions.inc
2025-08-26 07:03:59,772 - Knowledge - INFO - process ingested knowledge for /app/data/b2c/163538/b9731r2/meta-rdk-163538/recipes-test/leakcheck-msg/files/utility.c
2025-08-26 07:03:59,801 - Knowledge - INFO - done fast ingest for /app/data/b2c/163538/b9731r2/meta-rdk-163538/conf/conf-notes.txt
2025-08-26 07:03:59,975 - Knowledge - INFO - adding /app/data/b2c/163538/b9731r2/meta-rdk-163538/recipes-benchmark/stress-ng/files/openssl-ptest-perf_stats.sh to ingest queue
2025-08-26 07:04:00,187 - Knowledge - INFO - process ingested knowledge for /app/data/b2c/163538/b9731r2/meta-rdk-163538/conf/distro/include/rdk-esdk-conf.inc
2025-08-26 07:04:00,333 - Knowledge - INFO - process ingested knowledge for /app/data/b2c/163538/b9731r2/meta-rdk-163538/conf/distro/include/qt5-versions.inc
2025-08-26 07:04:00,548 - Knowledge - INFO - process ingested knowledge for /app/data/b2c/163538/b9731r2/meta-rdk-163538/conf/conf-notes.txt
2025-08-26 07:04:00,665 - Knowledge - INFO - adding /app/data/b2c/163538/b9731r2/meta-rdk-163538/recipes-extended/webkitbrowser-plugin/include/webkitbrowser_memorylimits.default.inc to ingest queue
2025-08-26 07:04:00,973 - Knowledge - INFO - done ingest for /app/data/b2c/163538/b9731r2/meta-rdk-163538/recipes-test/leakcheck-msg/files/msgq_receive.c
2025-08-26 07:04:01,231 - Knowledge - INFO - worker kw21 pull /app/data/b2c/163538/b9731r2/meta-rdk-163538/conf/distro/include/gstreamer-versions.inc from ingest queue
2025-08-26 07:04:01,231 - Knowledge - INFO - Found code-base-name: https://github.com/kavia-common/meta-rdk-163538.git:kavia-master
2025-08-26 07:04:01,231 - Knowledge - INFO - adding /app/data/b2c/163538/b9731r2/meta-rdk-163538/recipes-common/sys_mon_tools/sys_mon_tools.inc to ingest queue
2025-08-26 07:04:01,364 - Knowledge - INFO - done ingest for /app/data/b2c/163538/b9731r2/meta-rdk-163538/conf/distro/include/libsoup2.inc
2025-08-26 07:04:01,375 - Knowledge - INFO - process ingested knowledge for /app/data/b2c/163538/b9731r2/meta-rdk-163538/recipes-test/leakcheck-msg/files/msgq_receive.c
2025-08-26 07:04:01,410 - Knowledge - INFO - Thread kw21 - File gstreamer-versions.inc - Remaining files in queue: 32
2025-08-26 07:04:01,511 - Knowledge - INFO - Found code_base: <app.utils.kg_build.knowledge.KnowledgeCodeBase object at 0x7f53b60981d0>
2025-08-26 07:04:01,991 - Knowledge - INFO - persist ingested knowledge for /app/data/b2c/163538/b9731r2/meta-rdk-163538/recipes-test/hello/files/hello.c
2025-08-26 07:04:01,722 - Knowledge - INFO - process ingested knowledge for /app/data/b2c/163538/b9731r2/meta-rdk-163538/conf/distro/include/libsoup2.inc
2025-08-26 07:04:01,894 - Knowledge - INFO - start ingest for /app/data/b2c/163538/b9731r2/meta-rdk-163538/conf/distro/include/gstreamer-versions.inc
2025-08-26 07:04:01,635 - Knowledge - INFO - adding /app/data/b2c/163538/b9731r2/meta-rdk-163538/rename_srcrev.sh to ingest queue
2025-08-26 07:04:02,380 - Knowledge - INFO - adding /app/data/b2c/163538/b9731r2/meta-rdk-163538/recipes-benchmark/stress-ng/files/openssl-ptest-stress.sh to ingest queue
2025-08-26 07:04:02,691 - Knowledge - INFO - worker kw5 pull /app/data/b2c/163538/b9731r2/meta-rdk-163538/conf/distro/include/rdk_security_flags.inc from ingest queue
2025-08-26 07:04:02,797 - Knowledge - INFO - Thread kw5 - File rdk_security_flags.inc - Remaining files in queue: 30
2025-08-26 07:04:02,692 - Knowledge - INFO - worker kw17 pull /app/data/b2c/163538/b9731r2/meta-rdk-163538/conf/distro/include/rdkvemu.inc from ingest queue
2025-08-26 07:04:02,692 - Knowledge - INFO - Found code-base-name: https://github.com/kavia-common/meta-rdk-163538.git:kavia-master
2025-08-26 07:04:02,693 - Knowledge - INFO - Found code-base-name: https://github.com/kavia-common/meta-rdk-163538.git:kavia-master
2025-08-26 07:04:02,693 - Knowledge - INFO - worker kw6 pull /app/data/b2c/163538/b9731r2/meta-rdk-163538/conf/distro/include/rdkx.inc from ingest queue
2025-08-26 07:04:02,694 - Knowledge - INFO - Found code-base-name: https://github.com/kavia-common/meta-rdk-163538.git:kavia-master
2025-08-26 07:04:02,694 - Knowledge - INFO - Found code-base-name: https://github.com/kavia-common/meta-rdk-163538.git:kavia-master
2025-08-26 07:04:02,694 - Knowledge - INFO - worker kw12 pull /app/data/b2c/163538/b9731r2/meta-rdk-163538/conf/distro/include/rdk_backtrace_log.inc from ingest queue
2025-08-26 07:04:02,694 - Knowledge - INFO - adding /app/data/b2c/163538/b9731r2/meta-rdk-163538/recipes-extended/webkitbrowser-plugin/include/webkitbrowser_properties.inc to ingest queue
2025-08-26 07:04:02,692 - Knowledge - INFO - worker kw7 pull /app/data/b2c/163538/b9731r2/meta-rdk-163538/conf/distro/include/rdkc.inc from ingest queue
2025-08-26 07:04:02,876 - Knowledge - INFO - start ingest for /app/data/b2c/163538/b9731r2/meta-rdk-163538/conf/distro/include/rdk_security_flags.inc
2025-08-26 07:04:02,995 - Knowledge - INFO - Thread kw17 - File rdkvemu.inc - Remaining files in queue: 30
2025-08-26 07:04:03,129 - Knowledge - INFO - Found code_base: <app.utils.kg_build.knowledge.KnowledgeCodeBase object at 0x7f53b60981d0>
2025-08-26 07:04:03,208 - Knowledge - INFO - Found code_base: <app.utils.kg_build.knowledge.KnowledgeCodeBase object at 0x7f53b60981d0>
2025-08-26 07:04:03,287 - Knowledge - INFO - Thread kw6 - File rdkx.inc - Remaining files in queue: 30
2025-08-26 07:04:03,388 - Knowledge - INFO - Found code_base: <app.utils.kg_build.knowledge.KnowledgeCodeBase object at 0x7f53b60981d0>
2025-08-26 07:04:03,498 - Knowledge - INFO - Found code_base: <app.utils.kg_build.knowledge.KnowledgeCodeBase object at 0x7f53b60981d0>
2025-08-26 07:04:03,603 - Knowledge - INFO - Thread kw12 - File rdk_backtrace_log.inc - Remaining files in queue: 30
2025-08-26 07:04:03,687 - Knowledge - INFO - worker kw20 pull /app/data/b2c/163538/b9731r2/meta-rdk-163538/conf/distro/include/rdk_multilib.inc from ingest queue
2025-08-26 07:04:03,688 - Knowledge - INFO - Found code-base-name: https://github.com/kavia-common/meta-rdk-163538.git:kavia-master
2025-08-26 07:04:03,689 - Knowledge - INFO - Found code-base-name: https://github.com/kavia-common/meta-rdk-163538.git:kavia-master
2025-08-26 07:04:03,691 - Knowledge - INFO - worker kw1 pull /app/data/b2c/163538/b9731r2/meta-rdk-163538/conf/distro/include/rdk-external-src.inc from ingest queue
2025-08-26 07:04:03,691 - Knowledge - INFO - adding /app/data/b2c/163538/b9731r2/meta-rdk-163538/recipes-benchmark/stress-ng/files/stress-ng-tests.sh to ingest queue
2025-08-26 07:04:03,771 - Knowledge - INFO - Thread kw7 - File rdkc.inc - Remaining files in queue: 29
2025-08-26 07:04:04,024 - Knowledge - INFO - start ingest for /app/data/b2c/163538/b9731r2/meta-rdk-163538/conf/distro/include/rdkvemu.inc
2025-08-26 07:04:04,126 - Knowledge - INFO - persist ingested knowledge for /app/data/b2c/163538/b9731r2/meta-rdk-163538/conf/include/basehash_ignore_vars.inc
2025-08-26 07:04:04,130 - Knowledge - INFO - done ingest for /app/data/b2c/163538/b9731r2/meta-rdk-163538/conf/distro/include/gstreamer-versions.inc
2025-08-26 07:04:04,265 - Knowledge - INFO - persist ingested knowledge for /app/data/b2c/163538/b9731r2/meta-rdk-163538/recipes-test/leakcheck-msg/files/utility.c
2025-08-26 07:04:04,386 - Knowledge - INFO - start ingest for /app/data/b2c/163538/b9731r2/meta-rdk-163538/conf/distro/include/rdkx.inc
2025-08-26 07:04:04,481 - Knowledge - INFO - persist ingested knowledge for /app/data/b2c/163538/b9731r2/meta-rdk-163538/conf/distro/include/rdk-esdk-conf.inc
2025-08-26 07:04:04,552 - Knowledge - INFO - persist ingested knowledge for /app/data/b2c/163538/b9731r2/meta-rdk-163538/conf/conf-notes.txt
2025-08-26 07:04:04,655 - Knowledge - INFO - start ingest for /app/data/b2c/163538/b9731r2/meta-rdk-163538/conf/distro/include/rdk_backtrace_log.inc
2025-08-26 07:04:04,758 - Knowledge - INFO - Thread kw20 - File rdk_multilib.inc - Remaining files in queue: 29
2025-08-26 07:04:04,847 - Knowledge - INFO - Found code_base: <app.utils.kg_build.knowledge.KnowledgeCodeBase object at 0x7f53b60981d0>
2025-08-26 07:04:04,935 - Knowledge - INFO - Found code_base: <app.utils.kg_build.knowledge.KnowledgeCodeBase object at 0x7f53b60981d0>
2025-08-26 07:04:05,026 - Knowledge - INFO - Thread kw1 - File rdk-external-src.inc - Remaining files in queue: 29
2025-08-26 07:04:05,113 - Knowledge - INFO - Found code-base-name: https://github.com/kavia-common/meta-rdk-163538.git:kavia-master
2025-08-26 07:04:05,114 - Knowledge - INFO - Found code-base-name: https://github.com/kavia-common/meta-rdk-163538.git:kavia-master
2025-08-26 07:04:05,115 - Knowledge - INFO - adding /app/data/b2c/163538/b9731r2/meta-rdk-163538/recipes-benchmark/stress-ng/files/capture-proc-metrics.sh to ingest queue
2025-08-26 07:04:05,189 - Knowledge - INFO - start ingest for /app/data/b2c/163538/b9731r2/meta-rdk-163538/conf/distro/include/rdkc.inc
2025-08-26 07:04:05,514 - Knowledge - INFO - process ingested knowledge for /app/data/b2c/163538/b9731r2/meta-rdk-163538/conf/distro/include/gstreamer-versions.inc
2025-08-26 07:04:05,767 - Knowledge - INFO - Fast-track processing for simple file: /app/data/b2c/163538/b9731r2/meta-rdk-163538/conf/distro/include/rdkx.inc
2025-08-26 07:04:06,166 - Knowledge - INFO - start ingest for /app/data/b2c/163538/b9731r2/meta-rdk-163538/conf/distro/include/rdk_multilib.inc
2025-08-26 07:04:06,261 - Knowledge - INFO - persist ingested knowledge for /app/data/b2c/163538/b9731r2/meta-rdk-163538/recipes-test/leakcheck-msg/files/msgq_receive.c
2025-08-26 07:04:06,340 - Knowledge - INFO - persist ingested knowledge for /app/data/b2c/163538/b9731r2/meta-rdk-163538/conf/distro/include/libsoup2.inc
2025-08-26 07:04:06,462 - Knowledge - INFO - start ingest for /app/data/b2c/163538/b9731r2/meta-rdk-163538/conf/distro/include/rdk-external-src.inc
2025-08-26 07:04:06,585 - Knowledge - INFO - Found code_base: <app.utils.kg_build.knowledge.KnowledgeCodeBase object at 0x7f53b60981d0>
2025-08-26 07:04:06,691 - Knowledge - INFO - Found code_base: <app.utils.kg_build.knowledge.KnowledgeCodeBase object at 0x7f53b60981d0>
2025-08-26 07:04:06,793 - Knowledge - INFO - worker kw14 pull /app/data/b2c/163538/b9731r2/meta-rdk-163538/conf/distro/include/libsoup3.inc from ingest queue
2025-08-26 07:04:06,798 - Knowledge - INFO - adding /app/data/b2c/163538/b9731r2/meta-rdk-163538/recipes-extended/webkitbrowser-plugin/include/webkitbrowser_memorylimits.uhd.inc to ingest queue
2025-08-26 07:04:07,116 - Knowledge - INFO - done fast ingest for /app/data/b2c/163538/b9731r2/meta-rdk-163538/conf/distro/include/rdkx.inc
2025-08-26 07:04:07,277 - Knowledge - INFO - Fast-track processing for simple file: /app/data/b2c/163538/b9731r2/meta-rdk-163538/conf/distro/include/rdk_multilib.inc
2025-08-26 07:04:07,297 - Knowledge - INFO - done ingest for /app/data/b2c/163538/b9731r2/meta-rdk-163538/conf/distro/include/rdkvemu.inc
2025-08-26 07:04:07,640 - Knowledge - INFO - Fast-track processing for simple file: /app/data/b2c/163538/b9731r2/meta-rdk-163538/conf/distro/include/rdk-external-src.inc
2025-08-26 07:04:08,727 - Knowledge - INFO - done fast ingest for /app/data/b2c/163538/b9731r2/meta-rdk-163538/conf/distro/include/rdk-external-src.inc
2025-08-26 07:04:07,858 - Knowledge - INFO - persist ingested knowledge for /app/data/b2c/163538/b9731r2/meta-rdk-163538/conf/include/hashbase_whitelist.inc
2025-08-26 07:04:07,944 - Knowledge - INFO - Thread kw14 - File libsoup3.inc - Remaining files in queue: 30
2025-08-26 07:04:08,054 - Knowledge - INFO - worker kw22 pull /app/data/b2c/163538/b9731r2/meta-rdk-163538/conf/distro/include/rdkb_backtrace_log.inc from ingest queue
2025-08-26 07:04:08,055 - Knowledge - INFO - worker kw25 pull /app/data/b2c/163538/b9731r2/meta-rdk-163538/conf/distro/include/rdkv.inc from ingest queue
2025-08-26 07:04:08,056 - Knowledge - INFO - adding /app/data/b2c/163538/b9731r2/meta-rdk-163538/CONTRIBUTING.md to ingest queue
2025-08-26 07:04:08,205 - Knowledge - INFO - process ingested knowledge for /app/data/b2c/163538/b9731r2/meta-rdk-163538/conf/distro/include/rdkx.inc
2025-08-26 07:04:08,381 - Knowledge - INFO - done fast ingest for /app/data/b2c/163538/b9731r2/meta-rdk-163538/conf/distro/include/rdk_multilib.inc
2025-08-26 07:04:08,537 - Knowledge - INFO - process ingested knowledge for /app/data/b2c/163538/b9731r2/meta-rdk-163538/conf/distro/include/rdkvemu.inc
2025-08-26 07:04:08,576 - Knowledge - INFO - done ingest for /app/data/b2c/163538/b9731r2/meta-rdk-163538/conf/distro/include/rdk_backtrace_log.inc
2025-08-26 07:04:07,737 - Knowledge - INFO - persist ingested knowledge for /app/data/b2c/163538/b9731r2/meta-rdk-163538/recipes-test/hello/files/run-hello-app.sh
2025-08-26 07:04:08,855 - Knowledge - INFO - process ingested knowledge for /app/data/b2c/163538/b9731r2/meta-rdk-163538/conf/distro/include/rdk-external-src.inc
2025-08-26 07:04:09,086 - Knowledge - INFO - start ingest for /app/data/b2c/163538/b9731r2/meta-rdk-163538/conf/distro/include/libsoup3.inc
2025-08-26 07:04:09,193 - Knowledge - INFO - Thread kw22 - File rdkb_backtrace_log.inc - Remaining files in queue: 29
2025-08-26 07:04:09,314 - Knowledge - INFO - Thread kw25 - File rdkv.inc - Remaining files in queue: 29
2025-08-26 07:04:09,461 - Knowledge - INFO - worker kw15 pull /app/data/b2c/163538/b9731r2/meta-rdk-163538/conf/distro/include/rdk-versions.inc from ingest queue
2025-08-26 07:04:09,779 - Knowledge - INFO - process ingested knowledge for /app/data/b2c/163538/b9731r2/meta-rdk-163538/conf/distro/include/rdk_multilib.inc
2025-08-26 07:04:10,052 - Knowledge - INFO - process ingested knowledge for /app/data/b2c/163538/b9731r2/meta-rdk-163538/conf/distro/include/rdk_backtrace_log.inc
2025-08-26 07:04:10,688 - Knowledge - INFO - start ingest for /app/data/b2c/163538/b9731r2/meta-rdk-163538/conf/distro/include/rdkb_backtrace_log.inc
2025-08-26 07:04:10,847 - Knowledge - INFO - start ingest for /app/data/b2c/163538/b9731r2/meta-rdk-163538/conf/distro/include/rdkv.inc
2025-08-26 07:04:11,026 - Knowledge - INFO - Thread kw15 - File rdk-versions.inc - Remaining files in queue: 29
2025-08-26 07:04:11,182 - Knowledge - INFO - persist search terms embedding for recipes-test/leakcheck-msg/files/utility.c
2025-08-26 07:04:11,678 - Knowledge - INFO - start ingest for /app/data/b2c/163538/b9731r2/meta-rdk-163538/conf/distro/include/rdk-versions.inc
2025-08-26 07:04:12,523 - Knowledge - INFO - done ingest for /app/data/b2c/163538/b9731r2/meta-rdk-163538/conf/distro/include/rdkc.inc
2025-08-26 07:04:12,607 - Knowledge - INFO - process ingested knowledge for /app/data/b2c/163538/b9731r2/meta-rdk-163538/conf/distro/include/rdkc.inc
2025-08-26 07:04:12,825 - Knowledge - INFO - Found code-base-name: https://github.com/kavia-common/meta-rdk-163538.git:kavia-master
2025-08-26 07:04:12,838 - Knowledge - INFO - worker kw3 pull /app/data/b2c/163538/b9731r2/meta-rdk-163538/conf/distro/include/rdkb.inc from ingest queue
2025-08-26 07:04:12,849 - Knowledge - INFO - Found code-base-name: https://github.com/kavia-common/meta-rdk-163538.git:kavia-master
2025-08-26 07:04:12,923 - Knowledge - INFO - Found code_base: <app.utils.kg_build.knowledge.KnowledgeCodeBase object at 0x7f53b60981d0>
2025-08-26 07:04:13,031 - Knowledge - INFO - Thread kw3 - File rdkb.inc - Remaining files in queue: 28
2025-08-26 07:04:13,169 - Knowledge - INFO - Found code_base: <app.utils.kg_build.knowledge.KnowledgeCodeBase object at 0x7f53b60981d0>
2025-08-26 07:04:13,310 - Knowledge - INFO - persist ingested knowledge for /app/data/b2c/163538/b9731r2/meta-rdk-163538/conf/distro/include/qt5-versions.inc
2025-08-26 07:04:13,324 - Knowledge - INFO - done ingest for /app/data/b2c/163538/b9731r2/meta-rdk-163538/conf/distro/include/rdk_security_flags.inc
2025-08-26 07:04:13,401 - Knowledge - INFO - worker kw24 pull /app/data/b2c/163538/b9731r2/meta-rdk-163538/conf/distro/include/rdk_lto.inc from ingest queue
2025-08-26 07:04:13,412 - Knowledge - INFO - start ingest for /app/data/b2c/163538/b9731r2/meta-rdk-163538/conf/distro/include/rdkb.inc
2025-08-26 07:04:13,500 - Knowledge - INFO - persist ingested knowledge for /app/data/b2c/163538/b9731r2/meta-rdk-163538/conf/distro/include/gstreamer-versions.inc
2025-08-26 07:04:13,564 - Knowledge - INFO - done ingest for /app/data/b2c/163538/b9731r2/meta-rdk-163538/conf/distro/include/libsoup3.inc
2025-08-26 07:04:13,604 - Knowledge - INFO - worker kw16 pull /app/data/b2c/163538/b9731r2/meta-rdk-163538/conf/distro/include/license_flags_whitelist.inc from ingest queue
2025-08-26 07:04:13,604 - Knowledge - INFO - Found code-base-name: https://github.com/kavia-common/meta-rdk-163538.git:kavia-master
2025-08-26 07:04:13,669 - Knowledge - INFO - process ingested knowledge for /app/data/b2c/163538/b9731r2/meta-rdk-163538/conf/distro/include/rdk_security_flags.inc
2025-08-26 07:04:13,724 - Knowledge - INFO - Found code-base-name: https://github.com/kavia-common/meta-rdk-163538.git:kavia-master
2025-08-26 07:04:13,724 - Knowledge - INFO - Found code-base-name: https://github.com/kavia-common/meta-rdk-163538.git:kavia-master
2025-08-26 07:04:13,724 - Knowledge - INFO - Found code-base-name: https://github.com/kavia-common/meta-rdk-163538.git:kavia-master
2025-08-26 07:04:13,724 - Knowledge - INFO - worker kw2 pull /app/data/b2c/163538/b9731r2/meta-rdk-163538/recipes-core/images/sdk-common.inc from ingest queue
2025-08-26 07:04:13,724 - Knowledge - INFO - worker kw13 pull /app/data/b2c/163538/b9731r2/meta-rdk-163538/conf/distro/include/license_flags_accepted.inc from ingest queue
2025-08-26 07:04:13,725 - Knowledge - INFO - worker kw8 pull /app/data/b2c/163538/b9731r2/meta-rdk-163538/conf/distro/include/setscene_enforce_ignore_tasks.inc from ingest queue
2025-08-26 07:04:13,757 - Knowledge - INFO - Thread kw24 - File rdk_lto.inc - Remaining files in queue: 23
2025-08-26 07:04:13,937 - Knowledge - INFO - Found code-base-name: https://github.com/kavia-common/meta-rdk-163538.git:kavia-master
2025-08-26 07:04:13,937 - Knowledge - INFO - worker kw4 pull /app/data/b2c/163538/b9731r2/meta-rdk-163538/recipes-core/images/rdk-generic-media-common.inc from ingest queue
2025-08-26 07:04:13,937 - Knowledge - INFO - worker kw18 pull /app/data/b2c/163538/b9731r2/meta-rdk-163538/recipes-containers/dobby/dobby.inc from ingest queue
2025-08-26 07:04:13,937 - Knowledge - INFO - worker kw23 pull /app/data/b2c/163538/b9731r2/meta-rdk-163538/recipes-core/images/rdk-esdk-override.inc from ingest queue
2025-08-26 07:04:13,938 - Knowledge - INFO - worker kw10 pull /app/data/b2c/163538/b9731r2/meta-rdk-163538/recipes-common/debug-tools/files/debug-tools_download.sh from ingest queue
2025-08-26 07:04:13,938 - Knowledge - INFO - worker kw11 pull /app/data/b2c/163538/b9731r2/meta-rdk-163538/recipes-common/safec-common-wrapper/files/safec_lib.h from ingest queue
2025-08-26 07:04:13,938 - Knowledge - INFO - Found code-base-name: https://github.com/kavia-common/meta-rdk-163538.git:kavia-master
2025-08-26 07:04:14,019 - Knowledge - INFO - process ingested knowledge for /app/data/b2c/163538/b9731r2/meta-rdk-163538/conf/distro/include/libsoup3.inc
2025-08-26 07:04:14,100 - Knowledge - INFO - Thread kw16 - File license_flags_whitelist.inc - Remaining files in queue: 18
2025-08-26 07:04:14,190 - Knowledge - INFO - Found code_base: <app.utils.kg_build.knowledge.KnowledgeCodeBase object at 0x7f53b60981d0>
2025-08-26 07:04:14,387 - Knowledge - INFO - Found code_base: <app.utils.kg_build.knowledge.KnowledgeCodeBase object at 0x7f53b60981d0>
2025-08-26 07:04:14,429 - Knowledge - INFO - persist search terms embedding for recipes-test/leakcheck-msg/files/msgq_receive.c
2025-08-26 07:04:14,506 - Knowledge - INFO - Found code_base: <app.utils.kg_build.knowledge.KnowledgeCodeBase object at 0x7f53b60981d0>
2025-08-26 07:04:14,602 - Knowledge - INFO - Found code_base: <app.utils.kg_build.knowledge.KnowledgeCodeBase object at 0x7f53b60981d0>
2025-08-26 07:04:14,686 - Knowledge - INFO - Thread kw2 - File sdk-common.inc - Remaining files in queue: 18
2025-08-26 07:04:14,798 - Knowledge - INFO - Thread kw13 - File license_flags_accepted.inc - Remaining files in queue: 18
2025-08-26 07:04:14,910 - Knowledge - INFO - Thread kw8 - File setscene_enforce_ignore_tasks.inc - Remaining files in queue: 18
2025-08-26 07:04:15,017 - Knowledge - INFO - start ingest for /app/data/b2c/163538/b9731r2/meta-rdk-163538/conf/distro/include/rdk_lto.inc
2025-08-26 07:04:15,112 - Knowledge - INFO - Found code_base: <app.utils.kg_build.knowledge.KnowledgeCodeBase object at 0x7f53b60981d0>
2025-08-26 07:04:15,195 - Knowledge - INFO - Thread kw4 - File rdk-generic-media-common.inc - Remaining files in queue: 18
2025-08-26 07:04:15,283 - Knowledge - INFO - Thread kw18 - File dobby.inc - Remaining files in queue: 18
2025-08-26 07:04:15,401 - Knowledge - INFO - Thread kw23 - File rdk-esdk-override.inc - Remaining files in queue: 18
2025-08-26 07:04:15,527 - Knowledge - INFO - Thread kw10 - File debug-tools_download.sh - Remaining files in queue: 18
2025-08-26 07:04:17,894 - Knowledge - INFO - start ingest for /app/data/b2c/163538/b9731r2/meta-rdk-163538/recipes-common/debug-tools/files/debug-tools_download.sh
2025-08-26 07:04:15,718 - Knowledge - INFO - Found code_base: <app.utils.kg_build.knowledge.KnowledgeCodeBase object at 0x7f53b60981d0>
2025-08-26 07:04:15,955 - Knowledge - INFO - start ingest for /app/data/b2c/163538/b9731r2/meta-rdk-163538/conf/distro/include/license_flags_whitelist.inc
2025-08-26 07:04:16,100 - Knowledge - INFO - persist ingested knowledge for /app/data/b2c/163538/b9731r2/meta-rdk-163538/conf/distro/include/rdkx.inc
2025-08-26 07:04:16,219 - Knowledge - INFO - persist ingested knowledge for /app/data/b2c/163538/b9731r2/meta-rdk-163538/conf/distro/include/rdk-external-src.inc
2025-08-26 07:04:16,454 - Knowledge - INFO - done ingest for /app/data/b2c/163538/b9731r2/meta-rdk-163538/conf/distro/include/rdkb_backtrace_log.inc
2025-08-26 07:04:16,505 - Knowledge - INFO - done ingest for /app/data/b2c/163538/b9731r2/meta-rdk-163538/conf/distro/include/rdk-versions.inc
2025-08-26 07:04:18,726 - Knowledge - INFO - process ingested knowledge for /app/data/b2c/163538/b9731r2/meta-rdk-163538/conf/distro/include/rdk-versions.inc
2025-08-26 07:04:16,638 - Knowledge - INFO - persist ingested knowledge for /app/data/b2c/163538/b9731r2/meta-rdk-163538/conf/distro/include/rdk_backtrace_log.inc
2025-08-26 07:04:16,766 - Knowledge - INFO - worker kw9 pull /app/data/b2c/163538/b9731r2/meta-rdk-163538/recipes-extended/webkitbrowser-plugin/include/webkitbrowser_memorylimits.fhd.inc from ingest queue
2025-08-26 07:04:16,777 - Knowledge - INFO - Found code-base-name: https://github.com/kavia-common/meta-rdk-163538.git:kavia-master
2025-08-26 07:04:16,782 - Knowledge - INFO - Found code-base-name: https://github.com/kavia-common/meta-rdk-163538.git:kavia-master
2025-08-26 07:04:16,800 - Knowledge - INFO - start ingest for /app/data/b2c/163538/b9731r2/meta-rdk-163538/recipes-core/images/sdk-common.inc
2025-08-26 07:04:16,882 - Knowledge - INFO - worker kw19 pull /app/data/b2c/163538/b9731r2/meta-rdk-163538/conf/distro/include/setscene_enforce_whitelist.inc from ingest queue
2025-08-26 07:04:16,891 - Knowledge - INFO - worker kw21 pull /app/data/b2c/163538/b9731r2/meta-rdk-163538/recipes-extended/webkitbrowser-plugin/include/webkitbrowser_memorylimits.2gb.inc from ingest queue
2025-08-26 07:04:16,952 - Knowledge - INFO - start ingest for /app/data/b2c/163538/b9731r2/meta-rdk-163538/conf/distro/include/license_flags_accepted.inc
2025-08-26 07:04:17,074 - Knowledge - INFO - start ingest for /app/data/b2c/163538/b9731r2/meta-rdk-163538/conf/distro/include/setscene_enforce_ignore_tasks.inc
2025-08-26 07:04:17,224 - Knowledge - INFO - Fast-track processing for simple file: /app/data/b2c/163538/b9731r2/meta-rdk-163538/conf/distro/include/rdk_lto.inc
2025-08-26 07:04:17,354 - Knowledge - INFO - persist ingested knowledge for /app/data/b2c/163538/b9731r2/meta-rdk-163538/conf/distro/include/rdkvemu.inc
2025-08-26 07:04:17,499 - Knowledge - INFO - start ingest for /app/data/b2c/163538/b9731r2/meta-rdk-163538/recipes-core/images/rdk-generic-media-common.inc
2025-08-26 07:04:17,635 - Knowledge - INFO - start ingest for /app/data/b2c/163538/b9731r2/meta-rdk-163538/recipes-containers/dobby/dobby.inc
2025-08-26 07:04:17,775 - Knowledge - INFO - done ingest for /app/data/b2c/163538/b9731r2/meta-rdk-163538/conf/distro/include/rdkb.inc
2025-08-26 07:04:17,777 - Knowledge - INFO - start ingest for /app/data/b2c/163538/b9731r2/meta-rdk-163538/recipes-core/images/rdk-esdk-override.inc
2025-08-26 07:04:15,609 - Knowledge - INFO - Thread kw11 - File safec_lib.h - Remaining files in queue: 18
2025-08-26 07:04:18,162 - Knowledge - INFO - persist ingested knowledge for /app/data/b2c/163538/b9731r2/meta-rdk-163538/conf/distro/include/rdkc.inc
2025-08-26 07:04:18,620 - Knowledge - INFO - process ingested knowledge for /app/data/b2c/163538/b9731r2/meta-rdk-163538/conf/distro/include/rdkb_backtrace_log.inc
2025-08-26 07:04:16,514 - Knowledge - INFO - persist ingested knowledge for /app/data/b2c/163538/b9731r2/meta-rdk-163538/conf/distro/include/rdk_multilib.inc
2025-08-26 07:04:18,836 - Knowledge - INFO - worker kw6 pull /app/data/b2c/163538/b9731r2/meta-rdk-163538/recipes-common/gtest-apps/gtest-apps/gtest_apps_download.sh from ingest queue
2025-08-26 07:04:18,836 - Knowledge - INFO - worker kw1 pull /app/data/b2c/163538/b9731r2/meta-rdk-163538/recipes-extended/webkitbrowser-plugin/files/clearWebkitBrowserCache.sh from ingest queue
2025-08-26 07:04:18,843 - Knowledge - INFO - Found code-base-name: https://github.com/kavia-common/meta-rdk-163538.git:kavia-master
2025-08-26 07:04:19,019 - Knowledge - INFO - Thread kw9 - File webkitbrowser_memorylimits.fhd.inc - Remaining files in queue: 13
2025-08-26 07:04:19,109 - Knowledge - INFO - worker kw12 pull /app/data/b2c/163538/b9731r2/meta-rdk-163538/recipes-support/network-zero-conf/files/board_access.sh from ingest queue
2025-08-26 07:04:19,126 - Knowledge - INFO - Found code_base: <app.utils.kg_build.knowledge.KnowledgeCodeBase object at 0x7f53b60981d0>
2025-08-26 07:04:19,215 - Knowledge - INFO - Found code_base: <app.utils.kg_build.knowledge.KnowledgeCodeBase object at 0x7f53b60981d0>
2025-08-26 07:04:19,415 - Knowledge - INFO - Thread kw19 - File setscene_enforce_whitelist.inc - Remaining files in queue: 12
2025-08-26 07:04:19,537 - Knowledge - INFO - Thread kw21 - File webkitbrowser_memorylimits.2gb.inc - Remaining files in queue: 12
2025-08-26 07:04:19,743 - Knowledge - INFO - Fast-track processing for simple file: /app/data/b2c/163538/b9731r2/meta-rdk-163538/conf/distro/include/setscene_enforce_ignore_tasks.inc
2025-08-26 07:04:19,874 - Knowledge - INFO - done fast ingest for /app/data/b2c/163538/b9731r2/meta-rdk-163538/conf/distro/include/rdk_lto.inc
2025-08-26 07:04:20,199 - Knowledge - INFO - worker kw17 pull /app/data/b2c/163538/b9731r2/meta-rdk-163538/recipes-support/network-zero-conf/files/default-time-setter.sh from ingest queue
2025-08-26 07:04:20,202 - Knowledge - INFO - Fast-track processing for simple file: /app/data/b2c/163538/b9731r2/meta-rdk-163538/recipes-containers/dobby/dobby.inc
2025-08-26 07:04:20,282 - Knowledge - INFO - process ingested knowledge for /app/data/b2c/163538/b9731r2/meta-rdk-163538/conf/distro/include/rdkb.inc
2025-08-26 07:04:20,547 - Knowledge - INFO - start ingest for /app/data/b2c/163538/b9731r2/meta-rdk-163538/recipes-common/safec-common-wrapper/files/safec_lib.h
2025-08-26 07:04:20,986 - Knowledge - INFO - Thread kw6 - File gtest_apps_download.sh - Remaining files in queue: 11
2025-08-26 07:04:21,085 - Knowledge - INFO - Thread kw1 - File clearWebkitBrowserCache.sh - Remaining files in queue: 11
2025-08-26 07:04:21,202 - Knowledge - INFO - Found code_base: <app.utils.kg_build.knowledge.KnowledgeCodeBase object at 0x7f53b60981d0>
2025-08-26 07:04:21,284 - Knowledge - INFO - persist search terms embedding for conf/distro/include/rdkc.inc
2025-08-26 07:04:21,376 - Knowledge - INFO - start ingest for /app/data/b2c/163538/b9731r2/meta-rdk-163538/recipes-extended/webkitbrowser-plugin/include/webkitbrowser_memorylimits.fhd.inc
2025-08-26 07:04:21,528 - Knowledge - INFO - Thread kw12 - File board_access.sh - Remaining files in queue: 11
2025-08-26 07:04:21,678 - Knowledge - INFO - persist ingested knowledge for /app/data/b2c/163538/b9731r2/meta-rdk-163538/conf/distro/include/rdk_security_flags.inc
2025-08-26 07:04:21,807 - Knowledge - INFO - done ingest for /app/data/b2c/163538/b9731r2/meta-rdk-163538/conf/distro/include/license_flags_whitelist.inc
2025-08-26 07:04:21,808 - Knowledge - INFO - persist ingested knowledge for /app/data/b2c/163538/b9731r2/meta-rdk-163538/conf/distro/include/libsoup3.inc
2025-08-26 07:04:21,915 - Knowledge - INFO - start ingest for /app/data/b2c/163538/b9731r2/meta-rdk-163538/conf/distro/include/setscene_enforce_whitelist.inc
2025-08-26 07:04:22,016 - Knowledge - INFO - start ingest for /app/data/b2c/163538/b9731r2/meta-rdk-163538/recipes-extended/webkitbrowser-plugin/include/webkitbrowser_memorylimits.2gb.inc
2025-08-26 07:04:22,151 - Knowledge - INFO - done fast ingest for /app/data/b2c/163538/b9731r2/meta-rdk-163538/conf/distro/include/setscene_enforce_ignore_tasks.inc
2025-08-26 07:04:22,324 - Knowledge - INFO - process ingested knowledge for /app/data/b2c/163538/b9731r2/meta-rdk-163538/conf/distro/include/rdk_lto.inc
2025-08-26 07:04:22,455 - Knowledge - INFO - Thread kw17 - File default-time-setter.sh - Remaining files in queue: 11
2025-08-26 07:04:22,563 - Knowledge - INFO - done fast ingest for /app/data/b2c/163538/b9731r2/meta-rdk-163538/recipes-containers/dobby/dobby.inc
2025-08-26 07:04:23,104 - Knowledge - INFO - start ingest for /app/data/b2c/163538/b9731r2/meta-rdk-163538/recipes-common/gtest-apps/gtest-apps/gtest_apps_download.sh
2025-08-26 07:04:23,219 - Knowledge - INFO - start ingest for /app/data/b2c/163538/b9731r2/meta-rdk-163538/recipes-extended/webkitbrowser-plugin/files/clearWebkitBrowserCache.sh
2025-08-26 07:04:23,352 - Knowledge - INFO - persist ingested knowledge for /app/data/b2c/163538/b9731r2/meta-rdk-163538/conf/distro/include/rdk-versions.inc
2025-08-26 07:04:23,532 - Knowledge - INFO - Found code-base-name: https://github.com/kavia-common/meta-rdk-163538.git:kavia-master
2025-08-26 07:04:23,664 - Knowledge - INFO - Fast-track processing for simple file: /app/data/b2c/163538/b9731r2/meta-rdk-163538/recipes-extended/webkitbrowser-plugin/include/webkitbrowser_memorylimits.fhd.inc
2025-08-26 07:04:23,780 - Knowledge - INFO - start ingest for /app/data/b2c/163538/b9731r2/meta-rdk-163538/recipes-support/network-zero-conf/files/board_access.sh
2025-08-26 07:04:23,971 - Knowledge - INFO - Found code-base-name: https://github.com/kavia-common/meta-rdk-163538.git:kavia-master
2025-08-26 07:04:23,975 - Knowledge - INFO - worker kw7 pull /app/data/b2c/163538/b9731r2/meta-rdk-163538/recipes-benchmark/stress-ng/files/rdk_oss_uploadSTBLogs.sh from ingest queue
2025-08-26 07:04:24,037 - Knowledge - INFO - process ingested knowledge for /app/data/b2c/163538/b9731r2/meta-rdk-163538/conf/distro/include/license_flags_whitelist.inc
2025-08-26 07:04:24,363 - Knowledge - INFO - Fast-track processing for simple file: /app/data/b2c/163538/b9731r2/meta-rdk-163538/conf/distro/include/setscene_enforce_whitelist.inc
2025-08-26 07:04:24,489 - Knowledge - INFO - Fast-track processing for simple file: /app/data/b2c/163538/b9731r2/meta-rdk-163538/recipes-extended/webkitbrowser-plugin/include/webkitbrowser_memorylimits.2gb.inc
2025-08-26 07:04:24,551 - Knowledge - INFO - process ingested knowledge for /app/data/b2c/163538/b9731r2/meta-rdk-163538/conf/distro/include/setscene_enforce_ignore_tasks.inc
2025-08-26 07:04:24,751 - Knowledge - INFO - done ingest for /app/data/b2c/163538/b9731r2/meta-rdk-163538/recipes-common/debug-tools/files/debug-tools_download.sh
2025-08-26 07:04:24,877 - Knowledge - INFO - start ingest for /app/data/b2c/163538/b9731r2/meta-rdk-163538/recipes-support/network-zero-conf/files/default-time-setter.sh
2025-08-26 07:04:24,985 - Knowledge - INFO - process ingested knowledge for /app/data/b2c/163538/b9731r2/meta-rdk-163538/recipes-containers/dobby/dobby.inc
2025-08-26 07:04:25,031 - Knowledge - INFO - persist search terms embedding for conf/distro/include/rdk_security_flags.inc
2025-08-26 07:04:25,399 - Knowledge - INFO - Found code_base: <app.utils.kg_build.knowledge.KnowledgeCodeBase object at 0x7f53b60981d0>
2025-08-26 07:04:25,515 - Knowledge - INFO - done fast ingest for /app/data/b2c/163538/b9731r2/meta-rdk-163538/recipes-extended/webkitbrowser-plugin/include/webkitbrowser_memorylimits.fhd.inc
2025-08-26 07:04:25,830 - Knowledge - INFO - Found code_base: <app.utils.kg_build.knowledge.KnowledgeCodeBase object at 0x7f53b60981d0>
2025-08-26 07:04:25,972 - Knowledge - INFO - Thread kw7 - File rdk_oss_uploadSTBLogs.sh - Remaining files in queue: 10
2025-08-26 07:04:26,078 - Knowledge - INFO - done ingest for /app/data/b2c/163538/b9731r2/meta-rdk-163538/conf/distro/include/license_flags_accepted.inc
2025-08-26 07:04:26,278 - Knowledge - INFO - done fast ingest for /app/data/b2c/163538/b9731r2/meta-rdk-163538/conf/distro/include/setscene_enforce_whitelist.inc
2025-08-26 07:04:26,465 - Knowledge - INFO - done fast ingest for /app/data/b2c/163538/b9731r2/meta-rdk-163538/recipes-extended/webkitbrowser-plugin/include/webkitbrowser_memorylimits.2gb.inc
2025-08-26 07:04:26,798 - Knowledge - INFO - process ingested knowledge for /app/data/b2c/163538/b9731r2/meta-rdk-163538/recipes-common/debug-tools/files/debug-tools_download.sh
2025-08-26 07:04:26,953 - Knowledge - INFO - Fast-track processing for simple file: /app/data/b2c/163538/b9731r2/meta-rdk-163538/recipes-support/network-zero-conf/files/default-time-setter.sh
2025-08-26 07:04:27,131 - Knowledge - INFO - worker kw20 pull /app/data/b2c/163538/b9731r2/meta-rdk-163538/recipes-benchmark/stress-ng/files/openssl-ptest-perf_stats.sh from ingest queue
2025-08-26 07:04:27,228 - Knowledge - INFO - persist ingested knowledge for /app/data/b2c/163538/b9731r2/meta-rdk-163538/conf/distro/include/rdkb_backtrace_log.inc
2025-08-26 07:04:27,335 - Knowledge - INFO - process ingested knowledge for /app/data/b2c/163538/b9731r2/meta-rdk-163538/recipes-extended/webkitbrowser-plugin/include/webkitbrowser_memorylimits.fhd.inc
2025-08-26 07:04:27,387 - Knowledge - INFO - done ingest for /app/data/b2c/163538/b9731r2/meta-rdk-163538/recipes-core/images/rdk-generic-media-common.inc
2025-08-26 07:04:27,432 - Knowledge - INFO - persist ingested knowledge for /app/data/b2c/163538/b9731r2/meta-rdk-163538/conf/distro/include/rdkb.inc
2025-08-26 07:04:27,521 - Knowledge - INFO - start ingest for /app/data/b2c/163538/b9731r2/meta-rdk-163538/recipes-benchmark/stress-ng/files/rdk_oss_uploadSTBLogs.sh
2025-08-26 07:04:27,645 - Knowledge - INFO - process ingested knowledge for /app/data/b2c/163538/b9731r2/meta-rdk-163538/conf/distro/include/license_flags_accepted.inc
2025-08-26 07:04:27,732 - Knowledge - INFO - Found code-base-name: https://github.com/kavia-common/meta-rdk-163538.git:kavia-master
2025-08-26 07:04:27,743 - Knowledge - INFO - Found code-base-name: https://github.com/kavia-common/meta-rdk-163538.git:kavia-master
2025-08-26 07:04:27,745 - Knowledge - INFO - process ingested knowledge for /app/data/b2c/163538/b9731r2/meta-rdk-163538/conf/distro/include/setscene_enforce_whitelist.inc
2025-08-26 07:04:27,776 - Knowledge - INFO - Found code-base-name: https://github.com/kavia-common/meta-rdk-163538.git:kavia-master
2025-08-26 07:04:27,783 - Knowledge - INFO - Found code-base-name: https://github.com/kavia-common/meta-rdk-163538.git:kavia-master
2025-08-26 07:04:27,796 - Knowledge - INFO - worker kw5 pull /app/data/b2c/163538/b9731r2/meta-rdk-163538/recipes-extended/webkitbrowser-plugin/include/webkitbrowser_memorylimits.default.inc from ingest queue
2025-08-26 07:04:30,054 - Knowledge - INFO - Thread kw5 - File webkitbrowser_memorylimits.default.inc - Remaining files in queue: 6
2025-08-26 07:04:27,824 - Knowledge - INFO - worker kw14 pull /app/data/b2c/163538/b9731r2/meta-rdk-163538/rename_srcrev.sh from ingest queue
2025-08-26 07:04:27,867 - Knowledge - INFO - process ingested knowledge for /app/data/b2c/163538/b9731r2/meta-rdk-163538/recipes-extended/webkitbrowser-plugin/include/webkitbrowser_memorylimits.2gb.inc
2025-08-26 07:04:28,001 - Knowledge - INFO - Found code-base-name: https://github.com/kavia-common/meta-rdk-163538.git:kavia-master
2025-08-26 07:04:28,115 - Knowledge - INFO - done fast ingest for /app/data/b2c/163538/b9731r2/meta-rdk-163538/recipes-support/network-zero-conf/files/default-time-setter.sh
2025-08-26 07:04:28,254 - Knowledge - INFO - Thread kw20 - File openssl-ptest-perf_stats.sh - Remaining files in queue: 6
2025-08-26 07:04:28,652 - Knowledge - INFO - process ingested knowledge for /app/data/b2c/163538/b9731r2/meta-rdk-163538/recipes-core/images/rdk-generic-media-common.inc
2025-08-26 07:04:28,829 - Knowledge - INFO - Found code-base-name: https://github.com/kavia-common/meta-rdk-163538.git:kavia-master
2025-08-26 07:04:29,278 - Knowledge - INFO - Found code_base: <app.utils.kg_build.knowledge.KnowledgeCodeBase object at 0x7f53b60981d0>
2025-08-26 07:04:29,397 - Knowledge - INFO - Found code_base: <app.utils.kg_build.knowledge.KnowledgeCodeBase object at 0x7f53b60981d0>
2025-08-26 07:04:29,767 - Knowledge - INFO - Found code_base: <app.utils.kg_build.knowledge.KnowledgeCodeBase object at 0x7f53b60981d0>
2025-08-26 07:04:29,829 - Knowledge - INFO - done ingest for /app/data/b2c/163538/b9731r2/meta-rdk-163538/recipes-core/images/sdk-common.inc
2025-08-26 07:04:29,931 - Knowledge - INFO - Found code_base: <app.utils.kg_build.knowledge.KnowledgeCodeBase object at 0x7f53b60981d0>
2025-08-26 07:04:27,817 - Knowledge - INFO - worker kw15 pull /app/data/b2c/163538/b9731r2/meta-rdk-163538/recipes-common/sys_mon_tools/sys_mon_tools.inc from ingest queue
2025-08-26 07:04:30,075 - Knowledge - INFO - persist search terms embedding for conf/distro/include/rdkb.inc
2025-08-26 07:04:30,181 - Knowledge - INFO - start ingest for /app/data/b2c/163538/b9731r2/meta-rdk-163538/recipes-extended/webkitbrowser-plugin/include/webkitbrowser_memorylimits.default.inc
2025-08-26 07:04:30,344 - Knowledge - INFO - Thread kw14 - File rename_srcrev.sh - Remaining files in queue: 6
2025-08-26 07:04:30,713 - Knowledge - INFO - Found code_base: <app.utils.kg_build.knowledge.KnowledgeCodeBase object at 0x7f53b60981d0>
2025-08-26 07:04:30,891 - Knowledge - INFO - process ingested knowledge for /app/data/b2c/163538/b9731r2/meta-rdk-163538/recipes-support/network-zero-conf/files/default-time-setter.sh
2025-08-26 07:04:31,430 - Knowledge - INFO - start ingest for /app/data/b2c/163538/b9731r2/meta-rdk-163538/recipes-benchmark/stress-ng/files/openssl-ptest-perf_stats.sh
2025-08-26 07:04:31,747 - Knowledge - INFO - Found code_base: <app.utils.kg_build.knowledge.KnowledgeCodeBase object at 0x7f53b60981d0>
2025-08-26 07:04:31,875 - Knowledge - INFO - persist ingested knowledge for /app/data/b2c/163538/b9731r2/meta-rdk-163538/conf/distro/include/license_flags_whitelist.inc
2025-08-26 07:04:32,021 - Knowledge - INFO - persist ingested knowledge for /app/data/b2c/163538/b9731r2/meta-rdk-163538/conf/distro/include/setscene_enforce_ignore_tasks.inc
2025-08-26 07:04:32,259 - Knowledge - INFO - persist ingested knowledge for /app/data/b2c/163538/b9731r2/meta-rdk-163538/recipes-containers/dobby/dobby.inc
2025-08-26 07:04:32,418 - Knowledge - INFO - process ingested knowledge for /app/data/b2c/163538/b9731r2/meta-rdk-163538/recipes-core/images/sdk-common.inc
2025-08-26 07:04:32,527 - Knowledge - INFO - done ingest for /app/data/b2c/163538/b9731r2/meta-rdk-163538/recipes-core/images/rdk-esdk-override.inc
2025-08-26 07:04:32,546 - Knowledge - INFO - persist ingested knowledge for /app/data/b2c/163538/b9731r2/meta-rdk-163538/conf/distro/include/rdk_lto.inc
2025-08-26 07:04:32,640 - Knowledge - INFO - Thread kw15 - File sys_mon_tools.inc - Remaining files in queue: 6
2025-08-26 07:04:32,770 - Knowledge - INFO - worker kw22 pull /app/data/b2c/163538/b9731r2/meta-rdk-163538/recipes-benchmark/stress-ng/files/openssl-ptest-stress.sh from ingest queue
2025-08-26 07:04:32,774 - Knowledge - INFO - Found code-base-name: https://github.com/kavia-common/meta-rdk-163538.git:kavia-master
2025-08-26 07:04:32,783 - Knowledge - INFO - Found code-base-name: https://github.com/kavia-common/meta-rdk-163538.git:kavia-master
2025-08-26 07:04:32,788 - Knowledge - INFO - Found code-base-name: https://github.com/kavia-common/meta-rdk-163538.git:kavia-master
2025-08-26 07:04:32,789 - Knowledge - INFO - worker kw3 pull /app/data/b2c/163538/b9731r2/meta-rdk-163538/recipes-extended/webkitbrowser-plugin/include/webkitbrowser_properties.inc from ingest queue
2025-08-26 07:04:32,794 - Knowledge - INFO - Found code-base-name: https://github.com/kavia-common/meta-rdk-163538.git:kavia-master
2025-08-26 07:04:32,873 - Knowledge - INFO - Fast-track processing for simple file: /app/data/b2c/163538/b9731r2/meta-rdk-163538/recipes-extended/webkitbrowser-plugin/include/webkitbrowser_memorylimits.default.inc
2025-08-26 07:04:32,964 - Knowledge - INFO - start ingest for /app/data/b2c/163538/b9731r2/meta-rdk-163538/rename_srcrev.sh
2025-08-26 07:04:33,060 - Knowledge - INFO - persist ingested knowledge for /app/data/b2c/163538/b9731r2/meta-rdk-163538/recipes-common/debug-tools/files/debug-tools_download.sh
2025-08-26 07:04:33,146 - Knowledge - INFO - Found code-base-name: https://github.com/kavia-common/meta-rdk-163538.git:kavia-master
2025-08-26 07:04:33,375 - Knowledge - INFO - persist ingested knowledge for /app/data/b2c/163538/b9731r2/meta-rdk-163538/recipes-extended/webkitbrowser-plugin/include/webkitbrowser_memorylimits.fhd.inc
2025-08-26 07:04:33,575 - Knowledge - INFO - done ingest for /app/data/b2c/163538/b9731r2/meta-rdk-163538/recipes-extended/webkitbrowser-plugin/files/clearWebkitBrowserCache.sh
2025-08-26 07:04:33,883 - Knowledge - INFO - process ingested knowledge for /app/data/b2c/163538/b9731r2/meta-rdk-163538/recipes-core/images/rdk-esdk-override.inc
2025-08-26 07:04:34,080 - Knowledge - INFO - start ingest for /app/data/b2c/163538/b9731r2/meta-rdk-163538/recipes-common/sys_mon_tools/sys_mon_tools.inc
2025-08-26 07:04:34,096 - Knowledge - INFO - Found code-base-name: https://github.com/kavia-common/meta-rdk-163538.git:kavia-master
2025-08-26 07:04:34,102 - Knowledge - INFO - worker kw8 pull /app/data/b2c/163538/b9731r2/meta-rdk-163538/recipes-benchmark/stress-ng/files/stress-ng-tests.sh from ingest queue
2025-08-26 07:04:34,113 - Knowledge - INFO - worker kw16 pull /app/data/b2c/163538/b9731r2/meta-rdk-163538/recipes-benchmark/stress-ng/files/capture-proc-metrics.sh from ingest queue
2025-08-26 07:04:34,114 - Knowledge - INFO - worker kw18 pull /app/data/b2c/163538/b9731r2/meta-rdk-163538/recipes-extended/webkitbrowser-plugin/include/webkitbrowser_memorylimits.uhd.inc from ingest queue
2025-08-26 07:04:34,173 - Knowledge - INFO - Thread kw22 - File openssl-ptest-stress.sh - Remaining files in queue: 1
2025-08-26 07:04:34,276 - Knowledge - INFO - Found code_base: <app.utils.kg_build.knowledge.KnowledgeCodeBase object at 0x7f53b60981d0>
2025-08-26 07:04:34,341 - Knowledge - INFO - worker kw24 pull /app/data/b2c/163538/b9731r2/meta-rdk-163538/CONTRIBUTING.md from ingest queue
2025-08-26 07:04:34,378 - Knowledge - INFO - Found code_base: <app.utils.kg_build.knowledge.KnowledgeCodeBase object at 0x7f53b60981d0>
2025-08-26 07:04:36,508 - Knowledge - INFO - persist ingested knowledge for /app/data/b2c/163538/b9731r2/meta-rdk-163538/recipes-extended/webkitbrowser-plugin/include/webkitbrowser_memorylimits.2gb.inc
2025-08-26 07:04:34,622 - Knowledge - INFO - Thread kw3 - File webkitbrowser_properties.inc - Remaining files in queue: 0
2025-08-26 07:04:34,708 - Knowledge - INFO - Found code_base: <app.utils.kg_build.knowledge.KnowledgeCodeBase object at 0x7f53b60981d0>
2025-08-26 07:04:36,803 - Knowledge - INFO - persist ingested knowledge for /app/data/b2c/163538/b9731r2/meta-rdk-163538/conf/distro/include/license_flags_accepted.inc
2025-08-26 07:04:35,168 - Knowledge - INFO - Found code_base: <app.utils.kg_build.knowledge.KnowledgeCodeBase object at 0x7f53b60981d0>
2025-08-26 07:04:35,408 - Knowledge - INFO - process ingested knowledge for /app/data/b2c/163538/b9731r2/meta-rdk-163538/recipes-extended/webkitbrowser-plugin/files/clearWebkitBrowserCache.sh
2025-08-26 07:04:35,604 - Knowledge - INFO - done ingest for /app/data/b2c/163538/b9731r2/meta-rdk-163538/recipes-common/safec-common-wrapper/files/safec_lib.h
2025-08-26 07:04:35,651 - Knowledge - INFO - Fast-track processing for simple file: /app/data/b2c/163538/b9731r2/meta-rdk-163538/recipes-common/sys_mon_tools/sys_mon_tools.inc
2025-08-26 07:04:35,763 - Knowledge - INFO - Found code_base: <app.utils.kg_build.knowledge.KnowledgeCodeBase object at 0x7f53b60981d0>
2025-08-26 07:04:35,886 - Knowledge - INFO - persist search terms embedding for recipes-common/debug-tools/files/debug-tools_download.sh
2025-08-26 07:04:35,892 - Knowledge - INFO - Thread kw8 - File stress-ng-tests.sh - Remaining files in queue: 0
2025-08-26 07:04:35,969 - Knowledge - INFO - Thread kw16 - File capture-proc-metrics.sh - Remaining files in queue: 0
2025-08-26 07:04:36,083 - Knowledge - INFO - Thread kw18 - File webkitbrowser_memorylimits.uhd.inc - Remaining files in queue: 0
2025-08-26 07:04:36,196 - Knowledge - INFO - start ingest for /app/data/b2c/163538/b9731r2/meta-rdk-163538/recipes-benchmark/stress-ng/files/openssl-ptest-stress.sh
2025-08-26 07:04:36,304 - Knowledge - INFO - persist ingested knowledge for /app/data/b2c/163538/b9731r2/meta-rdk-163538/conf/distro/include/setscene_enforce_whitelist.inc
2025-08-26 07:04:36,388 - Knowledge - INFO - Thread kw24 - File CONTRIBUTING.md - Remaining files in queue: 0
2025-08-26 07:04:36,421 - Knowledge - INFO - done ingest for /app/data/b2c/163538/b9731r2/meta-rdk-163538/recipes-support/network-zero-conf/files/board_access.sh
2025-08-26 07:04:34,491 - Knowledge - INFO - Found code_base: <app.utils.kg_build.knowledge.KnowledgeCodeBase object at 0x7f53b60981d0>
2025-08-26 07:04:36,699 - Knowledge - INFO - start ingest for /app/data/b2c/163538/b9731r2/meta-rdk-163538/recipes-extended/webkitbrowser-plugin/include/webkitbrowser_properties.inc
2025-08-26 07:04:34,810 - Knowledge - INFO - done fast ingest for /app/data/b2c/163538/b9731r2/meta-rdk-163538/recipes-extended/webkitbrowser-plugin/include/webkitbrowser_memorylimits.default.inc
2025-08-26 07:04:37,046 - Knowledge - INFO - persist ingested knowledge for /app/data/b2c/163538/b9731r2/meta-rdk-163538/recipes-support/network-zero-conf/files/default-time-setter.sh
2025-08-26 07:04:37,302 - Knowledge - INFO - process ingested knowledge for /app/data/b2c/163538/b9731r2/meta-rdk-163538/recipes-common/safec-common-wrapper/files/safec_lib.h
2025-08-26 07:04:37,336 - Knowledge - INFO - done fast ingest for /app/data/b2c/163538/b9731r2/meta-rdk-163538/recipes-common/sys_mon_tools/sys_mon_tools.inc
2025-08-26 07:04:37,416 - Knowledge - INFO - persist ingested knowledge for /app/data/b2c/163538/b9731r2/meta-rdk-163538/recipes-core/images/sdk-common.inc
2025-08-26 07:04:37,592 - Knowledge - INFO - start ingest for /app/data/b2c/163538/b9731r2/meta-rdk-163538/recipes-benchmark/stress-ng/files/stress-ng-tests.sh
2025-08-26 07:04:37,665 - Knowledge - INFO - done ingest for /app/data/b2c/163538/b9731r2/meta-rdk-163538/recipes-common/gtest-apps/gtest-apps/gtest_apps_download.sh
2025-08-26 07:04:37,666 - Knowledge - INFO - Found code-base-name: https://github.com/kavia-common/meta-rdk-163538.git:kavia-master
2025-08-26 07:04:37,685 - Knowledge - INFO - start ingest for /app/data/b2c/163538/b9731r2/meta-rdk-163538/recipes-benchmark/stress-ng/files/capture-proc-metrics.sh
2025-08-26 07:04:37,807 - Knowledge - INFO - start ingest for /app/data/b2c/163538/b9731r2/meta-rdk-163538/recipes-extended/webkitbrowser-plugin/include/webkitbrowser_memorylimits.uhd.inc
2025-08-26 07:04:38,084 - Knowledge - INFO - Found code-base-name: https://github.com/kavia-common/meta-rdk-163538.git:kavia-master
2025-08-26 07:04:38,205 - Knowledge - INFO - start ingest for /app/data/b2c/163538/b9731r2/meta-rdk-163538/CONTRIBUTING.md
2025-08-26 07:04:38,311 - Knowledge - INFO - process ingested knowledge for /app/data/b2c/163538/b9731r2/meta-rdk-163538/recipes-support/network-zero-conf/files/board_access.sh
2025-08-26 07:04:38,455 - Knowledge - INFO - persist ingested knowledge for /app/data/b2c/163538/b9731r2/meta-rdk-163538/recipes-core/images/rdk-generic-media-common.inc
2025-08-26 07:04:38,698 - Knowledge - INFO - process ingested knowledge for /app/data/b2c/163538/b9731r2/meta-rdk-163538/recipes-extended/webkitbrowser-plugin/include/webkitbrowser_memorylimits.default.inc
2025-08-26 07:04:39,053 - Knowledge - INFO - process ingested knowledge for /app/data/b2c/163538/b9731r2/meta-rdk-163538/recipes-common/sys_mon_tools/sys_mon_tools.inc
2025-08-26 07:04:39,119 - Knowledge - INFO - Found code-base-name: https://github.com/kavia-common/meta-rdk-163538.git:kavia-master
2025-08-26 07:04:39,370 - Knowledge - INFO - process ingested knowledge for /app/data/b2c/163538/b9731r2/meta-rdk-163538/recipes-common/gtest-apps/gtest-apps/gtest_apps_download.sh
2025-08-26 07:04:39,491 - Knowledge - INFO - Found code_base: <app.utils.kg_build.knowledge.KnowledgeCodeBase object at 0x7f53b60981d0>
2025-08-26 07:04:39,718 - Knowledge - INFO - persist search terms embedding for recipes-core/images/sdk-common.inc
2025-08-26 07:04:39,730 - Knowledge - INFO - Fast-track processing for simple file: /app/data/b2c/163538/b9731r2/meta-rdk-163538/recipes-extended/webkitbrowser-plugin/include/webkitbrowser_memorylimits.uhd.inc
2025-08-26 07:04:41,434 - Knowledge - INFO - done fast ingest for /app/data/b2c/163538/b9731r2/meta-rdk-163538/recipes-extended/webkitbrowser-plugin/include/webkitbrowser_memorylimits.uhd.inc
2025-08-26 07:04:40,051 - Knowledge - INFO - Fast-track processing for simple file: /app/data/b2c/163538/b9731r2/meta-rdk-163538/CONTRIBUTING.md
2025-08-26 07:04:40,389 - Knowledge - INFO - done ingest for /app/data/b2c/163538/b9731r2/meta-rdk-163538/recipes-benchmark/stress-ng/files/rdk_oss_uploadSTBLogs.sh
2025-08-26 07:04:40,714 - Knowledge - INFO - Found code_base: <app.utils.kg_build.knowledge.KnowledgeCodeBase object at 0x7f53b60981d0>
2025-08-26 07:04:41,126 - Knowledge - INFO - persist ingested knowledge for /app/data/b2c/163538/b9731r2/meta-rdk-163538/recipes-core/images/rdk-esdk-override.inc
2025-08-26 07:04:41,354 - Knowledge - INFO - Found code-base-name: https://github.com/kavia-common/meta-rdk-163538.git:kavia-master
2025-08-26 07:04:41,367 - Knowledge - INFO - Found code-base-name: https://github.com/kavia-common/meta-rdk-163538.git:kavia-master
2025-08-26 07:04:41,396 - Knowledge - INFO - Found code-base-name: https://github.com/kavia-common/meta-rdk-163538.git:kavia-master
2025-08-26 07:04:41,399 - Knowledge - INFO - Found code-base-name: https://github.com/kavia-common/meta-rdk-163538.git:kavia-master
2025-08-26 07:04:39,837 - Knowledge - INFO - Found code_base: <app.utils.kg_build.knowledge.KnowledgeCodeBase object at 0x7f53b60981d0>
2025-08-26 07:04:42,807 - Knowledge - INFO - persist ingested knowledge for /app/data/b2c/163538/b9731r2/meta-rdk-163538/recipes-extended/webkitbrowser-plugin/files/clearWebkitBrowserCache.sh
2025-08-26 07:04:41,782 - Knowledge - INFO - done fast ingest for /app/data/b2c/163538/b9731r2/meta-rdk-163538/CONTRIBUTING.md
2025-08-26 07:04:41,973 - Knowledge - INFO - process ingested knowledge for /app/data/b2c/163538/b9731r2/meta-rdk-163538/recipes-benchmark/stress-ng/files/rdk_oss_uploadSTBLogs.sh
2025-08-26 07:04:42,080 - Knowledge - INFO - persist ingested knowledge for /app/data/b2c/163538/b9731r2/meta-rdk-163538/recipes-common/safec-common-wrapper/files/safec_lib.h
2025-08-26 07:04:42,389 - Knowledge - INFO - Found code_base: <app.utils.kg_build.knowledge.KnowledgeCodeBase object at 0x7f53b60981d0>
2025-08-26 07:04:42,504 - Knowledge - INFO - Found code_base: <app.utils.kg_build.knowledge.KnowledgeCodeBase object at 0x7f53b60981d0>
2025-08-26 07:04:42,590 - Knowledge - INFO - Found code_base: <app.utils.kg_build.knowledge.KnowledgeCodeBase object at 0x7f53b60981d0>
2025-08-26 07:04:42,703 - Knowledge - INFO - Found code_base: <app.utils.kg_build.knowledge.KnowledgeCodeBase object at 0x7f53b60981d0>
2025-08-26 07:04:41,547 - Knowledge - INFO - process ingested knowledge for /app/data/b2c/163538/b9731r2/meta-rdk-163538/recipes-extended/webkitbrowser-plugin/include/webkitbrowser_memorylimits.uhd.inc
2025-08-26 07:04:42,958 - Knowledge - INFO - persist search terms embedding for recipes-core/images/rdk-esdk-override.inc
2025-08-26 07:04:43,021 - Knowledge - INFO - process ingested knowledge for /app/data/b2c/163538/b9731r2/meta-rdk-163538/CONTRIBUTING.md
2025-08-26 07:04:43,372 - Knowledge - INFO - persist ingested knowledge for /app/data/b2c/163538/b9731r2/meta-rdk-163538/recipes-support/network-zero-conf/files/board_access.sh
2025-08-26 07:04:43,462 - Knowledge - INFO - persist ingested knowledge for /app/data/b2c/163538/b9731r2/meta-rdk-163538/recipes-extended/webkitbrowser-plugin/include/webkitbrowser_memorylimits.default.inc
2025-08-26 07:04:43,566 - Knowledge - INFO - persist ingested knowledge for /app/data/b2c/163538/b9731r2/meta-rdk-163538/recipes-common/sys_mon_tools/sys_mon_tools.inc
2025-08-26 07:04:43,691 - Knowledge - INFO - persist ingested knowledge for /app/data/b2c/163538/b9731r2/meta-rdk-163538/recipes-common/gtest-apps/gtest-apps/gtest_apps_download.sh
2025-08-26 07:04:44,712 - Knowledge - INFO - persist search terms embedding for recipes-common/safec-common-wrapper/files/safec_lib.h
2025-08-26 07:04:44,827 - Knowledge - INFO - Found code-base-name: https://github.com/kavia-common/meta-rdk-163538.git:kavia-master
2025-08-26 07:04:44,838 - Knowledge - INFO - Found code-base-name: https://github.com/kavia-common/meta-rdk-163538.git:kavia-master
2025-08-26 07:04:44,918 - Knowledge - INFO - Found code_base: <app.utils.kg_build.knowledge.KnowledgeCodeBase object at 0x7f53b60981d0>
2025-08-26 07:04:45,022 - Knowledge - INFO - Found code_base: <app.utils.kg_build.knowledge.KnowledgeCodeBase object at 0x7f53b60981d0>
2025-08-26 07:04:45,122 - Knowledge - INFO - persist ingested knowledge for /app/data/b2c/163538/b9731r2/meta-rdk-163538/recipes-extended/webkitbrowser-plugin/include/webkitbrowser_memorylimits.uhd.inc
2025-08-26 07:04:45,243 - Knowledge - INFO - persist ingested knowledge for /app/data/b2c/163538/b9731r2/meta-rdk-163538/CONTRIBUTING.md
2025-08-26 07:04:45,745 - Knowledge - INFO - persist search terms embedding for recipes-support/network-zero-conf/files/board_access.sh
2025-08-26 07:04:46,505 - Knowledge - INFO - persist search terms embedding for recipes-common/gtest-apps/gtest-apps/gtest_apps_download.sh
2025-08-26 07:04:46,642 - Knowledge - INFO - Found code-base-name: https://github.com/kavia-common/meta-rdk-163538.git:kavia-master
2025-08-26 07:04:46,768 - Knowledge - INFO - Found code_base: <app.utils.kg_build.knowledge.KnowledgeCodeBase object at 0x7f53b60981d0>
2025-08-26 07:04:46,898 - Knowledge - INFO - persist ingested knowledge for /app/data/b2c/163538/b9731r2/meta-rdk-163538/recipes-benchmark/stress-ng/files/rdk_oss_uploadSTBLogs.sh
2025-08-26 07:04:48,038 - Knowledge - INFO - persist search terms embedding for recipes-benchmark/stress-ng/files/rdk_oss_uploadSTBLogs.sh
2025-08-26 07:04:48,397 - Knowledge - INFO - done ingest for /app/data/b2c/163538/b9731r2/meta-rdk-163538/rename_srcrev.sh
2025-08-26 07:04:48,479 - Knowledge - INFO - process ingested knowledge for /app/data/b2c/163538/b9731r2/meta-rdk-163538/rename_srcrev.sh
2025-08-26 07:04:48,596 - Knowledge - INFO - Found code-base-name: https://github.com/kavia-common/meta-rdk-163538.git:kavia-master
2025-08-26 07:04:48,722 - Knowledge - INFO - Found code_base: <app.utils.kg_build.knowledge.KnowledgeCodeBase object at 0x7f53b60981d0>
2025-08-26 07:04:48,840 - Knowledge - INFO - persist ingested knowledge for /app/data/b2c/163538/b9731r2/meta-rdk-163538/rename_srcrev.sh
2025-08-26 07:04:49,745 - Knowledge - INFO - persist search terms embedding for rename_srcrev.sh
2025-08-26 07:04:51,922 - Knowledge - INFO - done ingest for /app/data/b2c/163538/b9731r2/meta-rdk-163538/recipes-benchmark/stress-ng/files/openssl-ptest-perf_stats.sh
2025-08-26 07:04:52,145 - Knowledge - INFO - process ingested knowledge for /app/data/b2c/163538/b9731r2/meta-rdk-163538/recipes-benchmark/stress-ng/files/openssl-ptest-perf_stats.sh
2025-08-26 07:04:52,389 - Knowledge - INFO - Found code-base-name: https://github.com/kavia-common/meta-rdk-163538.git:kavia-master
2025-08-26 07:04:52,519 - Knowledge - INFO - Found code_base: <app.utils.kg_build.knowledge.KnowledgeCodeBase object at 0x7f53b60981d0>
2025-08-26 07:04:52,649 - Knowledge - INFO - persist ingested knowledge for /app/data/b2c/163538/b9731r2/meta-rdk-163538/recipes-benchmark/stress-ng/files/openssl-ptest-perf_stats.sh
2025-08-26 07:04:53,912 - Knowledge - INFO - persist search terms embedding for recipes-benchmark/stress-ng/files/openssl-ptest-perf_stats.sh
2025-08-26 07:04:55,372 - Knowledge - INFO - done ingest for /app/data/b2c/163538/b9731r2/meta-rdk-163538/recipes-benchmark/stress-ng/files/capture-proc-metrics.sh
2025-08-26 07:04:55,514 - Knowledge - INFO - process ingested knowledge for /app/data/b2c/163538/b9731r2/meta-rdk-163538/recipes-benchmark/stress-ng/files/capture-proc-metrics.sh
2025-08-26 07:04:55,703 - Knowledge - INFO - Found code-base-name: https://github.com/kavia-common/meta-rdk-163538.git:kavia-master
2025-08-26 07:04:55,797 - Knowledge - INFO - Found code_base: <app.utils.kg_build.knowledge.KnowledgeCodeBase object at 0x7f53b60981d0>
2025-08-26 07:04:55,955 - Knowledge - INFO - persist ingested knowledge for /app/data/b2c/163538/b9731r2/meta-rdk-163538/recipes-benchmark/stress-ng/files/capture-proc-metrics.sh
2025-08-26 07:04:56,127 - Knowledge - INFO - done ingest for /app/data/b2c/163538/b9731r2/meta-rdk-163538/recipes-extended/webkitbrowser-plugin/include/webkitbrowser_properties.inc
2025-08-26 07:04:56,314 - Knowledge - INFO - process ingested knowledge for /app/data/b2c/163538/b9731r2/meta-rdk-163538/recipes-extended/webkitbrowser-plugin/include/webkitbrowser_properties.inc
2025-08-26 07:04:57,791 - Knowledge - INFO - persist search terms embedding for recipes-benchmark/stress-ng/files/capture-proc-metrics.sh
2025-08-26 07:04:57,968 - Knowledge - INFO - Found code-base-name: https://github.com/kavia-common/meta-rdk-163538.git:kavia-master
2025-08-26 07:04:58,061 - Knowledge - INFO - Found code_base: <app.utils.kg_build.knowledge.KnowledgeCodeBase object at 0x7f53b60981d0>
2025-08-26 07:04:58,167 - Knowledge - INFO - persist ingested knowledge for /app/data/b2c/163538/b9731r2/meta-rdk-163538/recipes-extended/webkitbrowser-plugin/include/webkitbrowser_properties.inc
2025-08-26 07:04:59,358 - Knowledge - INFO - persist search terms embedding for recipes-extended/webkitbrowser-plugin/include/webkitbrowser_properties.inc
2025-08-26 07:05:01,429 - Knowledge - INFO - done ingest for /app/data/b2c/163538/b9731r2/meta-rdk-163538/recipes-benchmark/stress-ng/files/stress-ng-tests.sh
2025-08-26 07:05:01,599 - Knowledge - INFO - process ingested knowledge for /app/data/b2c/163538/b9731r2/meta-rdk-163538/recipes-benchmark/stress-ng/files/stress-ng-tests.sh
2025-08-26 07:05:01,873 - Knowledge - INFO - Found code-base-name: https://github.com/kavia-common/meta-rdk-163538.git:kavia-master
2025-08-26 07:05:01,981 - Knowledge - INFO - Found code_base: <app.utils.kg_build.knowledge.KnowledgeCodeBase object at 0x7f53b60981d0>
2025-08-26 07:05:02,123 - Knowledge - INFO - persist ingested knowledge for /app/data/b2c/163538/b9731r2/meta-rdk-163538/recipes-benchmark/stress-ng/files/stress-ng-tests.sh
2025-08-26 07:05:03,510 - Knowledge - INFO - persist search terms embedding for recipes-benchmark/stress-ng/files/stress-ng-tests.sh
2025-08-26 07:05:08,060 - Knowledge - INFO - done ingest for /app/data/b2c/163538/b9731r2/meta-rdk-163538/recipes-benchmark/stress-ng/files/openssl-ptest-stress.sh
2025-08-26 07:05:08,169 - Knowledge - INFO - process ingested knowledge for /app/data/b2c/163538/b9731r2/meta-rdk-163538/recipes-benchmark/stress-ng/files/openssl-ptest-stress.sh
2025-08-26 07:05:08,395 - Knowledge - INFO - Found code-base-name: https://github.com/kavia-common/meta-rdk-163538.git:kavia-master
2025-08-26 07:05:08,551 - Knowledge - INFO - Found code_base: <app.utils.kg_build.knowledge.KnowledgeCodeBase object at 0x7f53b60981d0>
2025-08-26 07:05:08,667 - Knowledge - INFO - persist ingested knowledge for /app/data/b2c/163538/b9731r2/meta-rdk-163538/recipes-benchmark/stress-ng/files/openssl-ptest-stress.sh
2025-08-26 07:05:09,838 - Knowledge - INFO - persist search terms embedding for recipes-benchmark/stress-ng/files/openssl-ptest-stress.sh
2025-08-26 07:05:17,142 - Knowledge - INFO - done ingest for /app/data/b2c/163538/b9731r2/meta-rdk-163538/conf/distro/include/rdkv.inc
2025-08-26 07:05:17,255 - Knowledge - INFO - process ingested knowledge for /app/data/b2c/163538/b9731r2/meta-rdk-163538/conf/distro/include/rdkv.inc
2025-08-26 07:05:17,344 - Knowledge - INFO - Found code-base-name: https://github.com/kavia-common/meta-rdk-163538.git:kavia-master
2025-08-26 07:05:17,433 - Knowledge - INFO - Found code_base: <app.utils.kg_build.knowledge.KnowledgeCodeBase object at 0x7f53b60981d0>
2025-08-26 07:05:17,519 - Knowledge - INFO - persist ingested knowledge for /app/data/b2c/163538/b9731r2/meta-rdk-163538/conf/distro/include/rdkv.inc
2025-08-26 07:05:17,724 - Knowledge - INFO - Knowledge creation complete
2025-08-26 07:05:17,812 - Knowledge - INFO - Updating org costs, total cost: 0.021072399999999998
2025-08-26 07:05:18,331 - Knowledge - INFO - Saving knowledge to Redis...
2025-08-26 07:05:18,433 - Knowledge - INFO - Knowledge saved to Redis successfully
2025-08-26 07:18:37,738 - Knowledge - INFO - Redis support added with prefix knowledge:b9731r2:
2025-08-26 07:18:38,730 - Knowledge - INFO - load persisted knowledge: begin
2025-08-26 07:18:39,385 - Knowledge - INFO - Persisted knowledge files in /app/data/b2c/163538/b9731r2/meta-rdk-163538/.knowledge have been renamed to use .json
2025-08-26 07:18:39,497 - Knowledge - INFO - Found code-base-name: https://github.com/kavia-common/meta-rdk-163538.git:kavia-master
2025-08-26 07:18:39,578 - Knowledge - INFO - Found code_base: <app.utils.kg_build.knowledge.KnowledgeCodeBase object at 0x7fe40c0748d0>
2025-08-26 07:18:39,671 - Knowledge - INFO - process ingested knowledge for /app/data/b2c/163538/b9731r2/meta-rdk-163538/conf/distro/include/rdkc.inc
2025-08-26 07:18:39,789 - Knowledge - INFO - Found code-base-name: https://github.com/kavia-common/meta-rdk-163538.git:kavia-master
2025-08-26 07:18:39,903 - Knowledge - INFO - Found code_base: <app.utils.kg_build.knowledge.KnowledgeCodeBase object at 0x7fe40c0748d0>
2025-08-26 07:18:39,978 - Knowledge - INFO - process ingested knowledge for /app/data/b2c/163538/b9731r2/meta-rdk-163538/conf/distro/include/rdk_security_flags.inc
2025-08-26 07:18:40,113 - Knowledge - INFO - Found code-base-name: https://github.com/kavia-common/meta-rdk-163538.git:kavia-master
2025-08-26 07:18:40,190 - Knowledge - INFO - Found code_base: <app.utils.kg_build.knowledge.KnowledgeCodeBase object at 0x7fe40c0748d0>
2025-08-26 07:18:40,317 - Knowledge - INFO - process ingested knowledge for /app/data/b2c/163538/b9731r2/meta-rdk-163538/recipes-benchmark/stress-ng/files/stress-ng-tests.sh
2025-08-26 07:18:40,409 - Knowledge - INFO - Found code-base-name: https://github.com/kavia-common/meta-rdk-163538.git:kavia-master
2025-08-26 07:18:40,530 - Knowledge - INFO - Found code_base: <app.utils.kg_build.knowledge.KnowledgeCodeBase object at 0x7fe40c0748d0>
2025-08-26 07:18:40,616 - Knowledge - INFO - process ingested knowledge for /app/data/b2c/163538/b9731r2/meta-rdk-163538/recipes-common/gtest-apps/gtest-apps/gtest_apps_download.sh
2025-08-26 07:18:40,738 - Knowledge - INFO - Found code-base-name: https://github.com/kavia-common/meta-rdk-163538.git:kavia-master
2025-08-26 07:18:40,814 - Knowledge - INFO - Found code_base: <app.utils.kg_build.knowledge.KnowledgeCodeBase object at 0x7fe40c0748d0>
2025-08-26 07:18:40,903 - Knowledge - INFO - process ingested knowledge for /app/data/b2c/163538/b9731r2/meta-rdk-163538/conf/distro/include/qt5-versions.inc
2025-08-26 07:18:40,997 - Knowledge - INFO - Found code-base-name: https://github.com/kavia-common/meta-rdk-163538.git:kavia-master
2025-08-26 07:18:41,078 - Knowledge - INFO - Found code_base: <app.utils.kg_build.knowledge.KnowledgeCodeBase object at 0x7fe40c0748d0>
2025-08-26 07:18:41,165 - Knowledge - INFO - process ingested knowledge for /app/data/b2c/163538/b9731r2/meta-rdk-163538/recipes-containers/dobby/dobby.inc
2025-08-26 07:18:41,278 - Knowledge - INFO - Found code-base-name: https://github.com/kavia-common/meta-rdk-163538.git:kavia-master
2025-08-26 07:18:41,362 - Knowledge - INFO - Found code_base: <app.utils.kg_build.knowledge.KnowledgeCodeBase object at 0x7fe40c0748d0>
2025-08-26 07:18:41,471 - Knowledge - INFO - process ingested knowledge for /app/data/b2c/163538/b9731r2/meta-rdk-163538/conf/distro/include/gstreamer-versions.inc
2025-08-26 07:18:41,599 - Knowledge - INFO - Found code-base-name: https://github.com/kavia-common/meta-rdk-163538.git:kavia-master
2025-08-26 07:18:41,670 - Knowledge - INFO - Found code_base: <app.utils.kg_build.knowledge.KnowledgeCodeBase object at 0x7fe40c0748d0>
2025-08-26 07:18:41,766 - Knowledge - INFO - process ingested knowledge for /app/data/b2c/163538/b9731r2/meta-rdk-163538/conf/distro/include/libsoup2.inc
2025-08-26 07:18:41,873 - Knowledge - INFO - Found code-base-name: https://github.com/kavia-common/meta-rdk-163538.git:kavia-master
2025-08-26 07:18:41,985 - Knowledge - INFO - Found code_base: <app.utils.kg_build.knowledge.KnowledgeCodeBase object at 0x7fe40c0748d0>
2025-08-26 07:18:42,107 - Knowledge - INFO - process ingested knowledge for /app/data/b2c/163538/b9731r2/meta-rdk-163538/recipes-benchmark/stress-ng/files/openssl-ptest-stress.sh
2025-08-26 07:18:42,239 - Knowledge - INFO - Found code-base-name: https://github.com/kavia-common/meta-rdk-163538.git:kavia-master
2025-08-26 07:18:42,325 - Knowledge - INFO - Found code_base: <app.utils.kg_build.knowledge.KnowledgeCodeBase object at 0x7fe40c0748d0>
2025-08-26 07:18:42,415 - Knowledge - INFO - process ingested knowledge for /app/data/b2c/163538/b9731r2/meta-rdk-163538/conf/distro/include/rdk-esdk-conf.inc
2025-08-26 07:18:42,544 - Knowledge - INFO - Found code-base-name: https://github.com/kavia-common/meta-rdk-163538.git:kavia-master
2025-08-26 07:18:42,665 - Knowledge - INFO - Found code_base: <app.utils.kg_build.knowledge.KnowledgeCodeBase object at 0x7fe40c0748d0>
2025-08-26 07:18:42,780 - Knowledge - INFO - process ingested knowledge for /app/data/b2c/163538/b9731r2/meta-rdk-163538/recipes-extended/webkitbrowser-plugin/include/webkitbrowser_memorylimits.fhd.inc
2025-08-26 07:18:42,876 - Knowledge - INFO - Found code-base-name: https://github.com/kavia-common/meta-rdk-163538.git:kavia-master
2025-08-26 07:18:42,975 - Knowledge - INFO - Found code_base: <app.utils.kg_build.knowledge.KnowledgeCodeBase object at 0x7fe40c0748d0>
2025-08-26 07:18:43,092 - Knowledge - INFO - process ingested knowledge for /app/data/b2c/163538/b9731r2/meta-rdk-163538/recipes-test/leakcheck-msg/files/utility.c
2025-08-26 07:18:43,200 - Knowledge - INFO - Found code-base-name: https://github.com/kavia-common/meta-rdk-163538.git:kavia-master
2025-08-26 07:18:43,292 - Knowledge - INFO - Found code_base: <app.utils.kg_build.knowledge.KnowledgeCodeBase object at 0x7fe40c0748d0>
2025-08-26 07:18:43,426 - Knowledge - INFO - process ingested knowledge for /app/data/b2c/163538/b9731r2/meta-rdk-163538/conf/distro/include/rdkvemu.inc
2025-08-26 07:18:43,527 - Knowledge - INFO - Found code-base-name: https://github.com/kavia-common/meta-rdk-163538.git:kavia-master
2025-08-26 07:18:43,616 - Knowledge - INFO - Found code_base: <app.utils.kg_build.knowledge.KnowledgeCodeBase object at 0x7fe40c0748d0>
2025-08-26 07:18:43,725 - Knowledge - INFO - process ingested knowledge for /app/data/b2c/163538/b9731r2/meta-rdk-163538/recipes-test/leakcheck-msg/files/msgq_receive.c
2025-08-26 07:18:43,828 - Knowledge - INFO - Found code-base-name: https://github.com/kavia-common/meta-rdk-163538.git:kavia-master
2025-08-26 07:18:43,946 - Knowledge - INFO - Found code_base: <app.utils.kg_build.knowledge.KnowledgeCodeBase object at 0x7fe40c0748d0>
2025-08-26 07:18:44,033 - Knowledge - INFO - process ingested knowledge for /app/data/b2c/163538/b9731r2/meta-rdk-163538/conf/distro/include/rdk-external-src.inc
2025-08-26 07:18:44,123 - Knowledge - INFO - Found code-base-name: https://github.com/kavia-common/meta-rdk-163538.git:kavia-master
2025-08-26 07:18:44,203 - Knowledge - INFO - Found code_base: <app.utils.kg_build.knowledge.KnowledgeCodeBase object at 0x7fe40c0748d0>
2025-08-26 07:18:44,288 - Knowledge - INFO - process ingested knowledge for /app/data/b2c/163538/b9731r2/meta-rdk-163538/conf/distro/include/rdk_multilib.inc
2025-08-26 07:18:44,413 - Knowledge - INFO - Found code-base-name: https://github.com/kavia-common/meta-rdk-163538.git:kavia-master
2025-08-26 07:18:44,538 - Knowledge - INFO - Found code_base: <app.utils.kg_build.knowledge.KnowledgeCodeBase object at 0x7fe40c0748d0>
2025-08-26 07:18:44,660 - Knowledge - INFO - process ingested knowledge for /app/data/b2c/163538/b9731r2/meta-rdk-163538/recipes-extended/webkitbrowser-plugin/include/webkitbrowser_properties.inc
2025-08-26 07:18:44,782 - Knowledge - INFO - Found code-base-name: https://github.com/kavia-common/meta-rdk-163538.git:kavia-master
2025-08-26 07:18:44,861 - Knowledge - INFO - Found code_base: <app.utils.kg_build.knowledge.KnowledgeCodeBase object at 0x7fe40c0748d0>
2025-08-26 07:18:44,952 - Knowledge - INFO - process ingested knowledge for /app/data/b2c/163538/b9731r2/meta-rdk-163538/recipes-support/network-zero-conf/files/board_access.sh
2025-08-26 07:18:45,086 - Knowledge - INFO - Found code-base-name: https://github.com/kavia-common/meta-rdk-163538.git:kavia-master
2025-08-26 07:18:45,185 - Knowledge - INFO - Found code_base: <app.utils.kg_build.knowledge.KnowledgeCodeBase object at 0x7fe40c0748d0>
2025-08-26 07:18:45,269 - Knowledge - INFO - process ingested knowledge for /app/data/b2c/163538/b9731r2/meta-rdk-163538/recipes-test/hello/files/hello.c
2025-08-26 07:18:45,356 - Knowledge - INFO - Found code-base-name: https://github.com/kavia-common/meta-rdk-163538.git:kavia-master
2025-08-26 07:18:45,440 - Knowledge - INFO - Found code_base: <app.utils.kg_build.knowledge.KnowledgeCodeBase object at 0x7fe40c0748d0>
2025-08-26 07:18:45,532 - Knowledge - INFO - process ingested knowledge for /app/data/b2c/163538/b9731r2/meta-rdk-163538/recipes-benchmark/stress-ng/files/rdk_oss_uploadSTBLogs.sh
2025-08-26 07:18:45,624 - Knowledge - INFO - Found code-base-name: https://github.com/kavia-common/meta-rdk-163538.git:kavia-master
2025-08-26 07:18:45,710 - Knowledge - INFO - Found code_base: <app.utils.kg_build.knowledge.KnowledgeCodeBase object at 0x7fe40c0748d0>
2025-08-26 07:18:45,826 - Knowledge - INFO - process ingested knowledge for /app/data/b2c/163538/b9731r2/meta-rdk-163538/recipes-test/hello/files/run-hello-app.sh
2025-08-26 07:18:45,934 - Knowledge - INFO - Found code-base-name: https://github.com/kavia-common/meta-rdk-163538.git:kavia-master
2025-08-26 07:18:46,048 - Knowledge - INFO - Found code_base: <app.utils.kg_build.knowledge.KnowledgeCodeBase object at 0x7fe40c0748d0>
2025-08-26 07:18:46,140 - Knowledge - INFO - process ingested knowledge for /app/data/b2c/163538/b9731r2/meta-rdk-163538/recipes-common/safec-common-wrapper/files/safec_lib.h
2025-08-26 07:18:46,244 - Knowledge - INFO - Found code-base-name: https://github.com/kavia-common/meta-rdk-163538.git:kavia-master
2025-08-26 07:18:46,348 - Knowledge - INFO - Found code_base: <app.utils.kg_build.knowledge.KnowledgeCodeBase object at 0x7fe40c0748d0>
2025-08-26 07:18:46,453 - Knowledge - INFO - process ingested knowledge for /app/data/b2c/163538/b9731r2/meta-rdk-163538/recipes-core/images/sdk-common.inc
2025-08-26 07:18:46,537 - Knowledge - INFO - Found code-base-name: https://github.com/kavia-common/meta-rdk-163538.git:kavia-master
2025-08-26 07:18:46,612 - Knowledge - INFO - Found code_base: <app.utils.kg_build.knowledge.KnowledgeCodeBase object at 0x7fe40c0748d0>
2025-08-26 07:18:46,694 - Knowledge - INFO - process ingested knowledge for /app/data/b2c/163538/b9731r2/meta-rdk-163538/rename_srcrev.sh
2025-08-26 07:18:46,824 - Knowledge - INFO - Found code-base-name: https://github.com/kavia-common/meta-rdk-163538.git:kavia-master
2025-08-26 07:18:46,944 - Knowledge - INFO - Found code_base: <app.utils.kg_build.knowledge.KnowledgeCodeBase object at 0x7fe40c0748d0>
2025-08-26 07:18:47,044 - Knowledge - INFO - process ingested knowledge for /app/data/b2c/163538/b9731r2/meta-rdk-163538/conf/distro/include/libsoup3.inc
2025-08-26 07:18:47,162 - Knowledge - INFO - Found code-base-name: https://github.com/kavia-common/meta-rdk-163538.git:kavia-master
2025-08-26 07:18:47,244 - Knowledge - INFO - Found code_base: <app.utils.kg_build.knowledge.KnowledgeCodeBase object at 0x7fe40c0748d0>
2025-08-26 07:18:47,356 - Knowledge - INFO - process ingested knowledge for /app/data/b2c/163538/b9731r2/meta-rdk-163538/conf/distro/include/rdk_backtrace_log.inc
2025-08-26 07:18:47,434 - Knowledge - INFO - Found code-base-name: https://github.com/kavia-common/meta-rdk-163538.git:kavia-master
2025-08-26 07:18:47,552 - Knowledge - INFO - Found code_base: <app.utils.kg_build.knowledge.KnowledgeCodeBase object at 0x7fe40c0748d0>
2025-08-26 07:18:47,653 - Knowledge - INFO - process ingested knowledge for /app/data/b2c/163538/b9731r2/meta-rdk-163538/recipes-extended/webkitbrowser-plugin/include/webkitbrowser_memorylimits.2gb.inc
2025-08-26 07:18:47,749 - Knowledge - INFO - Found code-base-name: https://github.com/kavia-common/meta-rdk-163538.git:kavia-master
2025-08-26 07:18:47,843 - Knowledge - INFO - Found code_base: <app.utils.kg_build.knowledge.KnowledgeCodeBase object at 0x7fe40c0748d0>
2025-08-26 07:18:47,923 - Knowledge - INFO - process ingested knowledge for /app/data/b2c/163538/b9731r2/meta-rdk-163538/recipes-support/network-zero-conf/files/default-time-setter.sh
2025-08-26 07:18:48,036 - Knowledge - INFO - Found code-base-name: https://github.com/kavia-common/meta-rdk-163538.git:kavia-master
2025-08-26 07:18:48,147 - Knowledge - INFO - Found code_base: <app.utils.kg_build.knowledge.KnowledgeCodeBase object at 0x7fe40c0748d0>
2025-08-26 07:18:48,273 - Knowledge - INFO - process ingested knowledge for /app/data/b2c/163538/b9731r2/meta-rdk-163538/conf/include/basehash_ignore_vars.inc
2025-08-26 07:18:48,373 - Knowledge - INFO - Found code-base-name: https://github.com/kavia-common/meta-rdk-163538.git:kavia-master
2025-08-26 07:18:48,487 - Knowledge - INFO - Found code_base: <app.utils.kg_build.knowledge.KnowledgeCodeBase object at 0x7fe40c0748d0>
2025-08-26 07:18:48,609 - Knowledge - INFO - process ingested knowledge for /app/data/b2c/163538/b9731r2/meta-rdk-163538/recipes-extended/webkitbrowser-plugin/files/clearWebkitBrowserCache.sh
2025-08-26 07:18:48,701 - Knowledge - INFO - Found code-base-name: https://github.com/kavia-common/meta-rdk-163538.git:kavia-master
2025-08-26 07:18:48,823 - Knowledge - INFO - Found code_base: <app.utils.kg_build.knowledge.KnowledgeCodeBase object at 0x7fe40c0748d0>
2025-08-26 07:18:48,919 - Knowledge - INFO - process ingested knowledge for /app/data/b2c/163538/b9731r2/meta-rdk-163538/conf/distro/include/rdkx.inc
2025-08-26 07:18:49,034 - Knowledge - INFO - Found code-base-name: https://github.com/kavia-common/meta-rdk-163538.git:kavia-master
2025-08-26 07:18:49,122 - Knowledge - INFO - Found code_base: <app.utils.kg_build.knowledge.KnowledgeCodeBase object at 0x7fe40c0748d0>
2025-08-26 07:18:49,212 - Knowledge - INFO - process ingested knowledge for /app/data/b2c/163538/b9731r2/meta-rdk-163538/conf/distro/include/rdk_lto.inc
2025-08-26 07:18:49,302 - Knowledge - INFO - Found code-base-name: https://github.com/kavia-common/meta-rdk-163538.git:kavia-master
2025-08-26 07:18:49,422 - Knowledge - INFO - Found code_base: <app.utils.kg_build.knowledge.KnowledgeCodeBase object at 0x7fe40c0748d0>
2025-08-26 07:18:49,544 - Knowledge - INFO - process ingested knowledge for /app/data/b2c/163538/b9731r2/meta-rdk-163538/recipes-common/debug-tools/files/debug-tools_download.sh
2025-08-26 07:18:49,640 - Knowledge - INFO - Found code-base-name: https://github.com/kavia-common/meta-rdk-163538.git:kavia-master
2025-08-26 07:18:49,751 - Knowledge - INFO - Found code_base: <app.utils.kg_build.knowledge.KnowledgeCodeBase object at 0x7fe40c0748d0>
2025-08-26 07:18:49,853 - Knowledge - INFO - process ingested knowledge for /app/data/b2c/163538/b9731r2/meta-rdk-163538/recipes-benchmark/stress-ng/files/openssl-ptest-perf_stats.sh
2025-08-26 07:18:49,978 - Knowledge - INFO - Found code-base-name: https://github.com/kavia-common/meta-rdk-163538.git:kavia-master
2025-08-26 07:18:50,083 - Knowledge - INFO - Found code_base: <app.utils.kg_build.knowledge.KnowledgeCodeBase object at 0x7fe40c0748d0>
2025-08-26 07:18:50,187 - Knowledge - INFO - process ingested knowledge for /app/data/b2c/163538/b9731r2/meta-rdk-163538/recipes-core/images/rdk-generic-media-common.inc
2025-08-26 07:18:50,295 - Knowledge - INFO - Found code-base-name: https://github.com/kavia-common/meta-rdk-163538.git:kavia-master
2025-08-26 07:18:50,419 - Knowledge - INFO - Found code_base: <app.utils.kg_build.knowledge.KnowledgeCodeBase object at 0x7fe40c0748d0>
2025-08-26 07:18:50,509 - Knowledge - INFO - process ingested knowledge for /app/data/b2c/163538/b9731r2/meta-rdk-163538/conf/distro/include/license_flags_accepted.inc
2025-08-26 07:18:50,611 - Knowledge - INFO - Found code-base-name: https://github.com/kavia-common/meta-rdk-163538.git:kavia-master
2025-08-26 07:18:50,710 - Knowledge - INFO - Found code_base: <app.utils.kg_build.knowledge.KnowledgeCodeBase object at 0x7fe40c0748d0>
2025-08-26 07:18:50,823 - Knowledge - INFO - process ingested knowledge for /app/data/b2c/163538/b9731r2/meta-rdk-163538/recipes-extended/webkitbrowser-plugin/include/webkitbrowser_memorylimits.uhd.inc
2025-08-26 07:18:50,925 - Knowledge - INFO - Found code-base-name: https://github.com/kavia-common/meta-rdk-163538.git:kavia-master
2025-08-26 07:18:51,013 - Knowledge - INFO - Found code_base: <app.utils.kg_build.knowledge.KnowledgeCodeBase object at 0x7fe40c0748d0>
2025-08-26 07:18:51,107 - Knowledge - INFO - process ingested knowledge for /app/data/b2c/163538/b9731r2/meta-rdk-163538/conf/include/hashbase_whitelist.inc
2025-08-26 07:18:51,216 - Knowledge - INFO - Found code-base-name: https://github.com/kavia-common/meta-rdk-163538.git:kavia-master
2025-08-26 07:18:51,319 - Knowledge - INFO - Found code_base: <app.utils.kg_build.knowledge.KnowledgeCodeBase object at 0x7fe40c0748d0>
2025-08-26 07:18:51,400 - Knowledge - INFO - process ingested knowledge for /app/data/b2c/163538/b9731r2/meta-rdk-163538/conf/distro/include/rdkv.inc
2025-08-26 07:18:51,489 - Knowledge - INFO - Found code-base-name: https://github.com/kavia-common/meta-rdk-163538.git:kavia-master
2025-08-26 07:18:51,573 - Knowledge - INFO - Found code_base: <app.utils.kg_build.knowledge.KnowledgeCodeBase object at 0x7fe40c0748d0>
2025-08-26 07:18:51,663 - Knowledge - INFO - process ingested knowledge for /app/data/b2c/163538/b9731r2/meta-rdk-163538/conf/distro/include/rdk-versions.inc
2025-08-26 07:18:51,760 - Knowledge - INFO - Found code-base-name: https://github.com/kavia-common/meta-rdk-163538.git:kavia-master
2025-08-26 07:18:51,852 - Knowledge - INFO - Found code_base: <app.utils.kg_build.knowledge.KnowledgeCodeBase object at 0x7fe40c0748d0>
2025-08-26 07:18:51,963 - Knowledge - INFO - process ingested knowledge for /app/data/b2c/163538/b9731r2/meta-rdk-163538/conf/distro/include/setscene_enforce_whitelist.inc
2025-08-26 07:18:52,096 - Knowledge - INFO - Found code-base-name: https://github.com/kavia-common/meta-rdk-163538.git:kavia-master
2025-08-26 07:18:52,180 - Knowledge - INFO - Found code_base: <app.utils.kg_build.knowledge.KnowledgeCodeBase object at 0x7fe40c0748d0>
2025-08-26 07:18:52,263 - Knowledge - INFO - process ingested knowledge for /app/data/b2c/163538/b9731r2/meta-rdk-163538/recipes-benchmark/stress-ng/files/capture-proc-metrics.sh
2025-08-26 07:18:52,398 - Knowledge - INFO - Found code-base-name: https://github.com/kavia-common/meta-rdk-163538.git:kavia-master
2025-08-26 07:18:52,501 - Knowledge - INFO - Found code_base: <app.utils.kg_build.knowledge.KnowledgeCodeBase object at 0x7fe40c0748d0>
2025-08-26 07:18:52,587 - Knowledge - INFO - process ingested knowledge for /app/data/b2c/163538/b9731r2/meta-rdk-163538/conf/distro/include/rdkb.inc
2025-08-26 07:18:52,708 - Knowledge - INFO - Found code-base-name: https://github.com/kavia-common/meta-rdk-163538.git:kavia-master
2025-08-26 07:18:52,795 - Knowledge - INFO - Found code_base: <app.utils.kg_build.knowledge.KnowledgeCodeBase object at 0x7fe40c0748d0>
2025-08-26 07:18:52,881 - Knowledge - INFO - process ingested knowledge for /app/data/b2c/163538/b9731r2/meta-rdk-163538/conf/distro/include/rdkb_backtrace_log.inc
2025-08-26 07:18:52,965 - Knowledge - INFO - Found code-base-name: https://github.com/kavia-common/meta-rdk-163538.git:kavia-master
2025-08-26 07:18:53,061 - Knowledge - INFO - Found code_base: <app.utils.kg_build.knowledge.KnowledgeCodeBase object at 0x7fe40c0748d0>
2025-08-26 07:18:53,142 - Knowledge - INFO - process ingested knowledge for /app/data/b2c/163538/b9731r2/meta-rdk-163538/CONTRIBUTING.md
2025-08-26 07:18:53,268 - Knowledge - INFO - Found code-base-name: https://github.com/kavia-common/meta-rdk-163538.git:kavia-master
2025-08-26 07:18:53,360 - Knowledge - INFO - Found code_base: <app.utils.kg_build.knowledge.KnowledgeCodeBase object at 0x7fe40c0748d0>
2025-08-26 07:18:53,472 - Knowledge - INFO - process ingested knowledge for /app/data/b2c/163538/b9731r2/meta-rdk-163538/conf/distro/include/setscene_enforce_ignore_tasks.inc
2025-08-26 07:18:53,563 - Knowledge - INFO - Found code-base-name: https://github.com/kavia-common/meta-rdk-163538.git:kavia-master
2025-08-26 07:18:53,642 - Knowledge - INFO - Found code_base: <app.utils.kg_build.knowledge.KnowledgeCodeBase object at 0x7fe40c0748d0>
2025-08-26 07:18:53,747 - Knowledge - INFO - process ingested knowledge for /app/data/b2c/163538/b9731r2/meta-rdk-163538/recipes-common/sys_mon_tools/sys_mon_tools.inc
2025-08-26 07:18:53,853 - Knowledge - INFO - Found code-base-name: https://github.com/kavia-common/meta-rdk-163538.git:kavia-master
2025-08-26 07:18:53,966 - Knowledge - INFO - Found code_base: <app.utils.kg_build.knowledge.KnowledgeCodeBase object at 0x7fe40c0748d0>
2025-08-26 07:18:54,058 - Knowledge - INFO - process ingested knowledge for /app/data/b2c/163538/b9731r2/meta-rdk-163538/conf/conf-notes.txt
2025-08-26 07:18:54,177 - Knowledge - INFO - Found code-base-name: https://github.com/kavia-common/meta-rdk-163538.git:kavia-master
2025-08-26 07:18:54,289 - Knowledge - INFO - Found code_base: <app.utils.kg_build.knowledge.KnowledgeCodeBase object at 0x7fe40c0748d0>
2025-08-26 07:18:54,360 - Knowledge - INFO - process ingested knowledge for /app/data/b2c/163538/b9731r2/meta-rdk-163538/recipes-extended/webkitbrowser-plugin/include/webkitbrowser_memorylimits.default.inc
2025-08-26 07:18:54,460 - Knowledge - INFO - Found code-base-name: https://github.com/kavia-common/meta-rdk-163538.git:kavia-master
2025-08-26 07:18:54,547 - Knowledge - INFO - Found code_base: <app.utils.kg_build.knowledge.KnowledgeCodeBase object at 0x7fe40c0748d0>
2025-08-26 07:18:54,665 - Knowledge - INFO - process ingested knowledge for /app/data/b2c/163538/b9731r2/meta-rdk-163538/conf/distro/include/license_flags_whitelist.inc
2025-08-26 07:18:54,759 - Knowledge - INFO - Found code-base-name: https://github.com/kavia-common/meta-rdk-163538.git:kavia-master
2025-08-26 07:18:54,883 - Knowledge - INFO - Found code_base: <app.utils.kg_build.knowledge.KnowledgeCodeBase object at 0x7fe40c0748d0>
2025-08-26 07:18:55,006 - Knowledge - INFO - process ingested knowledge for /app/data/b2c/163538/b9731r2/meta-rdk-163538/recipes-core/images/rdk-esdk-override.inc
2025-08-26 07:18:55,091 - Knowledge - INFO - load persisted knowledge: end
2025-08-26 07:18:55,210 - Knowledge - INFO - load persisted docinfo: begin
2025-08-26 07:18:55,331 - Knowledge - INFO - load persisted docinfo: end
2025-08-26 07:18:55,972 - Knowledge - INFO - worker kw1 created with dedicated MongoDB connection (total: 1)
2025-08-26 07:18:56,077 - Knowledge - INFO - knowledge worker kw1 start
2025-08-26 07:18:56,184 - Knowledge - INFO - Knowledge creation complete
2025-08-26 07:18:56,299 - Knowledge - INFO - Updating org costs, total cost: 0
2025-08-26 07:18:57,092 - Knowledge - INFO - Saving knowledge to Redis...
2025-08-26 07:18:57,197 - Knowledge - INFO - Knowledge saved to Redis successfully
